2017-08-01 00:06:47,F62712701E7AF6588B69A44235A6FC,06D188F4064E0D47BD760EEFEB7AAD,Geir
2017-08-01 00:31:05,DF5BB50FAD220C8D2A8FF9A0DBAA47,588C89FCADD0DBA0E722822513A267,Antim
2017-08-01 00:35:24,8473CCCE79294CB494D1B42E2B1BAA,EDBB3D240ADBCF6CF175B192630ABB,Σωτήριος
2017-08-01 01:20:47,CFFEC5978B0A4A05FA6DCEFB2C82CC,2BB0471CAA78ED0FCEE143E175F034,Mona
2017-08-01 01:21:39,0978C6F8C5093039165B5C571EACC8,45FE4C99C612BEEDE6A34B54C5369D,Laura
2017-08-01 01:21:58,FBA67EFA2766854B885F25C06CC2FA,92DEF3A48927B1B2B0295936679D1C,Rameshwor
2017-08-01 01:44:16,BE6B4CBB422BBF114FB109921F2B9F,7BCD287DF0EBF5CAA86458737777BD,Noë
2017-08-01 02:09:58,391A4416FC0ADE8FD604B2F1A9BCCE,96593EE816FB4CE2AEBA5B754CFA38,Λεωνίδας
2017-08-01 02:20:32,520EA69D3794B463EC553B79FDF850,723515D5D083C9C15EC9A24AA624D7,Lina
2017-08-01 02:20:32,A5C7951597609E2982344D66939AFF,723515D5D083C9C15EC9A24AA624D7,Lina
2017-08-01 02:20:32,C5F6178AF37CD86DF3B9D8CD811BAB,723515D5D083C9C15EC9A24AA624D7,Lina
2017-08-01 02:20:32,1B7EA1BAFAF72B4EA2AE1ACD8D775F,723515D5D083C9C15EC9A24AA624D7,Lina
2017-08-01 02:20:32,DF6A386FE701217C2A12292DB8D142,723515D5D083C9C15EC9A24AA624D7,Lina
2017-08-01 02:20:32,9BB953337ACF616EAEC93D46A45F20,723515D5D083C9C15EC9A24AA624D7,Lina
2017-08-01 02:20:32,349F293BA3435B7BC6AD35BF8396C6,723515D5D083C9C15EC9A24AA624D7,Lina
2017-08-01 02:20:32,C69E0349776A41A35F9929950CB2FD,723515D5D083C9C15EC9A24AA624D7,Lina
2017-08-01 02:20:32,651EA682AC26AA613FA8B143A4FB00,723515D5D083C9C15EC9A24AA624D7,Lina
2017-08-01 02:20:32,104CADE3535C93C8173036E682A9CD,723515D5D083C9C15EC9A24AA624D7,Lina
2017-08-01 02:20:32,08CD54CB5C552A6A4CBFFDD5D6B326,723515D5D083C9C15EC9A24AA624D7,Lina
2017-08-01 02:20:32,6633FC3F982FD0D699CAAF8C9C1094,723515D5D083C9C15EC9A24AA624D7,Lina
2017-08-01 02:20:32,C99ED11D330B4AEE9F50A083C86471,723515D5D083C9C15EC9A24AA624D7,Lina
2017-08-01 02:20:32,9AB43D430EF8C4443FB8698EFD5092,723515D5D083C9C15EC9A24AA624D7,Lina
2017-08-01 02:20:32,DDBA7653545B1BB68658838A22BAA5,723515D5D083C9C15EC9A24AA624D7,Lina
2017-08-01 02:20:32,D12E9E35AF8817E88F94F966B9C1F8,723515D5D083C9C15EC9A24AA624D7,Lina
2017-08-01 02:26:00,4E6296831B1C923435A3B21FDAC668,2BB0471CAA78ED0FCEE143E175F034,Mona
2017-08-01 02:28:27,CFFEC5978B0A4A05FA6DCEFB2C82CC,2BB0471CAA78ED0FCEE143E175F034,Mona
2017-08-01 02:45:54,8473CCCE79294CB494D1B42E2B1BAA,37C610ECB4E01970E7D9A4420F0EF9,Μεταγένης
2017-08-01 02:48:32,FC4ECBD02A6A7BF39A7BC6B5ED637B,663BBC69FD36118EAC6E8FA5F52058,Geir
2017-08-01 02:57:31,F6DC3043113C54DF6798EBA80C75B8,2BB0471CAA78ED0FCEE143E175F034,Mona
2017-08-01 03:00:42,CFFEC5978B0A4A05FA6DCEFB2C82CC,74C09338D7CA031859AE26A1586692,Toomas
2017-08-01 03:02:18,AC853CB79A70EAE650BC047BF576A5,74C09338D7CA031859AE26A1586692,Toomas
2017-08-01 03:02:19,E1789A9745D5C7A1FEDEDEF364ACE8,11E4E49ECB416ED3FCBF7933AB8911,Kate
2017-08-01 03:10:01,55A99ED11322E1F293FEE26F1B86F0,3F65093D88D493A3C4803BC6F35866,Liana
2017-08-01 03:10:01,CE56D96CD05481BB1672D0DED1A9B3,3F65093D88D493A3C4803BC6F35866,Liana
2017-08-01 03:10:01,F62712701E7AF6588B69A44235A6FC,3F65093D88D493A3C4803BC6F35866,Liana
2017-08-01 03:10:01,715A2F22FA106680476BA32E9E36C0,3F65093D88D493A3C4803BC6F35866,Liana
2017-08-01 03:18:51,A5C7951597609E2982344D66939AFF,3F1E1550CD86A82164D8F142238DC1,Ebru Yavuz
2017-08-01 03:31:19,8D76219590407EB8C3EC6985C58916,62A85F06C390100CFE13959C4036E0,유
2017-08-01 03:43:07,AC853CB79A70EAE650BC047BF576A5,F039A0F7A3245F7B2D7BD0942F3680,Sean
2017-08-01 03:51:05,CFFEC5978B0A4A05FA6DCEFB2C82CC,F039A0F7A3245F7B2D7BD0942F3680,Sean
2017-08-01 03:53:50,8473CCCE79294CB494D1B42E2B1BAA,4622EE6C32EF1FA6D8A3650BD23A66,Δράκων
2017-08-01 03:57:54,5C6BB600AB7A104903F3F0BFC30D36,1338EC4F360D128308C41EC93517CD,Flavia
2017-08-01 04:04:50,F353DAC4FA7DF2AF8ED85EC0D9BEBE,896B460DBC8B052F57A705B80CD5EB,Maria
2017-08-01 04:07:29,24C0552EB2C2256D62A412C164D4AF,83BCFED0BF29B0A393F73E88FB8107,Estera
2017-08-01 04:11:23,3F65093D88D493A3C4803BC6F35866,768ACCEF5BDCF82F32AF1271FC351D,Mathijs
2017-08-01 04:15:21,8011E06671C7F4855DE555D7B07BF5,0C2DC11CAF71DD36135016F9253408,Sánta
2017-08-01 04:15:31,A5C7951597609E2982344D66939AFF,04C4B42ECCF7B7E49DD603DA5EB3CD,许
2017-08-01 04:21:08,A7B0AC6EBC71CCC765F9E740A4B5BE,55D73B7451FD784D1431112C1BB47B,Amalia
2017-08-01 04:21:08,E1773F0E0036E805EB59AD9FBCBBB5,55D73B7451FD784D1431112C1BB47B,Amalia
2017-08-01 04:22:08,C983B958CBB8F4DEBCB4BE2590865B,294AAF0843063C8E08AF91BA137320,马
2017-08-01 04:29:04,9B36C2267DF72187E70AC42C40D3D2,E0A86D5E6909EF85D22FF6ED7BF865,Maia
2017-08-01 04:29:04,C5F6178AF37CD86DF3B9D8CD811BAB,E0A86D5E6909EF85D22FF6ED7BF865,Maia
2017-08-01 04:29:04,0E070C8A8BE2215202B21E02761228,E0A86D5E6909EF85D22FF6ED7BF865,Maia
2017-08-01 04:29:04,4DC8E67EDCD66FE6C1FFCB0B9EE2D5,E0A86D5E6909EF85D22FF6ED7BF865,Maia
2017-08-01 04:29:04,8473CCCE79294CB494D1B42E2B1BAA,E0A86D5E6909EF85D22FF6ED7BF865,Maia
2017-08-01 04:29:04,C69E0349776A41A35F9929950CB2FD,E0A86D5E6909EF85D22FF6ED7BF865,Maia
2017-08-01 04:29:04,6227CDBD5D785201F47ADA7E572B5F,E0A86D5E6909EF85D22FF6ED7BF865,Maia
2017-08-01 04:29:04,DDBA7653545B1BB68658838A22BAA5,E0A86D5E6909EF85D22FF6ED7BF865,Maia
2017-08-01 04:29:04,B1E15C9AC4440EDF14B362742EA616,E0A86D5E6909EF85D22FF6ED7BF865,Maia
2017-08-01 04:29:04,B595E1D217EEEC821A537964124476,E0A86D5E6909EF85D22FF6ED7BF865,Maia
2017-08-01 04:29:04,E73411B5D870E1D9DEE70DE910A67E,E0A86D5E6909EF85D22FF6ED7BF865,Maia
2017-08-01 04:29:08,8011E06671C7F4855DE555D7B07BF5,C10976D53BF64B5351B54FD4A48423,Dimitra
2017-08-01 04:29:08,88529C0E2D76121681F3B5ED5B7C3F,C10976D53BF64B5351B54FD4A48423,Dimitra
2017-08-01 04:29:08,BFB39AF346632E228292A1F42F058A,C10976D53BF64B5351B54FD4A48423,Dimitra
2017-08-01 04:32:35,7154B79637F084608CFD76D7898C0A,2A79106D82BC7EBCB50F4639EB7228,Jasmina
2017-08-01 04:32:35,3F3FE7CEB85DBC4C48F9C63E5E5A6A,2A79106D82BC7EBCB50F4639EB7228,Jasmina
2017-08-01 04:32:35,A18DBB4D0F664F222FA65F34B97A16,2A79106D82BC7EBCB50F4639EB7228,Jasmina
2017-08-01 04:32:35,E56671358B7387D85E33B9971E7615,2A79106D82BC7EBCB50F4639EB7228,Jasmina
2017-08-01 04:32:35,A5C7951597609E2982344D66939AFF,2A79106D82BC7EBCB50F4639EB7228,Jasmina
2017-08-01 04:32:35,153CDCFBF9AD0C6A7727E6FB53A62D,2A79106D82BC7EBCB50F4639EB7228,Jasmina
2017-08-01 04:32:35,1136BD5FDB4438FBC6AC77E6E6F269,2A79106D82BC7EBCB50F4639EB7228,Jasmina
2017-08-01 04:32:35,EE8EB7D36629DDF26F24CDDE2FCABF,2A79106D82BC7EBCB50F4639EB7228,Jasmina
2017-08-01 04:32:35,AC6AAB0D92685AB99821D492B21DFA,2A79106D82BC7EBCB50F4639EB7228,Jasmina
2017-08-01 04:32:35,E73411B5D870E1D9DEE70DE910A67E,2A79106D82BC7EBCB50F4639EB7228,Jasmina
2017-08-01 04:34:14,2C8E2D282827E7D0D769F5EFF130D8,9D82AD166AFD57834EEAF8D93BF400,Hannah
2017-08-01 04:34:26,3F65093D88D493A3C4803BC6F35866,C4AFAD3D7E9CCD0D3D034655D1C550,Maroš
2017-08-01 04:34:29,3F65093D88D493A3C4803BC6F35866,DACE6D3C78D9B20B1F70A271BA98D5,Julie
2017-08-01 04:34:35,8C1569B2FEEAC389F32F3DE4C8A130,A5E7A39DBE537DF13CBD9CD02B7983,Mina
2017-08-01 04:34:58,E7C4FC46DA35EBA86449DC28EFDC2B,153CDCFBF9AD0C6A7727E6FB53A62D,Iustinian
2017-08-01 04:34:58,91227325BDD3641410D7B066100F08,153CDCFBF9AD0C6A7727E6FB53A62D,Iustinian
2017-08-01 04:34:58,AC6AAB0D92685AB99821D492B21DFA,153CDCFBF9AD0C6A7727E6FB53A62D,Iustinian
2017-08-01 04:35:28,CE56D96CD05481BB1672D0DED1A9B3,768ACCEF5BDCF82F32AF1271FC351D,Mathijs
2017-08-01 04:39:42,3F65093D88D493A3C4803BC6F35866,C4AFAD3D7E9CCD0D3D034655D1C550,Maroš
2017-08-01 04:43:46,3F65093D88D493A3C4803BC6F35866,28C20E4227D2932DCDF76075DD0CC9,Сергей
2017-08-01 04:44:22,3F65093D88D493A3C4803BC6F35866,DACE6D3C78D9B20B1F70A271BA98D5,Julie
2017-08-01 04:44:45,F47DC705C363574201236A1B7975EB,5B31B55C0FFA0A611A996D303F9D52,Noel
2017-08-01 04:47:35,A5C7951597609E2982344D66939AFF,04C4B42ECCF7B7E49DD603DA5EB3CD,许
2017-08-01 04:51:02,8011E06671C7F4855DE555D7B07BF5,2B1FCCAD4EFD770985AA6EB7ABB2B9,许
2017-08-01 04:51:45,046D2E765E2C73D388D78CBF301174,B4CEFDC760F0C49EA3D3E2B2F3D9BC,Debra
2017-08-01 04:53:18,1660A19D697C3AD478D70B32EDCB60,A5C7951597609E2982344D66939AFF,Iustinian
2017-08-01 04:55:44,9308431770B2F125131AD8920F4893,6132FB2A71EC27EDE571A2BF0AADED,Пламен
2017-08-01 04:56:03,697975A1A38807A2CD9E77778E272E,A89EEC8FD82F14467024CA146687B7,Viorel
2017-08-01 04:56:03,EAD151EF641C059F0F0335C4B3D379,A89EEC8FD82F14467024CA146687B7,Viorel
2017-08-01 04:56:03,EE7FBEFFCACE7FB79CA0C7BEF9AFAD,A89EEC8FD82F14467024CA146687B7,Viorel
2017-08-01 04:58:29,A5C7951597609E2982344D66939AFF,04C4B42ECCF7B7E49DD603DA5EB3CD,许
2017-08-01 05:00:14,6CC247AB60B83CC3B1EF2E7AD43DF0,E65196CFCC2A265F5FF8BCD07564DB,Szirbik
2017-08-01 05:00:47,DDD4D9146350544DC88D2C4C68A328,FDE8868EC23446EF2BF260EF25BAA8,Oldrich
2017-08-01 05:01:00,A5C7951597609E2982344D66939AFF,04C4B42ECCF7B7E49DD603DA5EB3CD,许
2017-08-01 05:03:02,AB6AAE022FCE825C1EBAD06796F309,0C80A08D8F3BA573823F92A9E3C23A,Raúl
2017-08-01 05:03:44,CFFEC5978B0A4A05FA6DCEFB2C82CC,DF6A386FE701217C2A12292DB8D142,Buse
2017-08-01 05:04:20,AC853CB79A70EAE650BC047BF576A5,DC3E2E638CEB2D1AE8558DBDD9091A,Hannah
2017-08-01 05:07:14,A5C7951597609E2982344D66939AFF,04C4B42ECCF7B7E49DD603DA5EB3CD,许
2017-08-01 05:08:29,DF6A386FE701217C2A12292DB8D142,385308FE41CA0484E84B01D5EED659,Σωτήριος
2017-08-01 05:08:29,F6DC3043113C54DF6798EBA80C75B8,385308FE41CA0484E84B01D5EED659,Σωτήριος
2017-08-01 05:08:29,70361E0637E204F384DBF438B97C90,385308FE41CA0484E84B01D5EED659,Σωτήριος
2017-08-01 05:08:29,F7F1177CB88969884F7847B40286EA,385308FE41CA0484E84B01D5EED659,Σωτήριος
2017-08-01 05:08:29,D294DA31FC0D972BBC107D40D26A35,385308FE41CA0484E84B01D5EED659,Σωτήριος
2017-08-01 05:08:29,4BDB38D15536C2DD8A3D6AD8090E1C,385308FE41CA0484E84B01D5EED659,Σωτήριος
2017-08-01 05:08:29,E72DA456800A4389FA1013F065DEC9,385308FE41CA0484E84B01D5EED659,Σωτήριος
2017-08-01 05:08:29,4E6296831B1C923435A3B21FDAC668,385308FE41CA0484E84B01D5EED659,Σωτήριος
2017-08-01 05:08:29,CFFEC5978B0A4A05FA6DCEFB2C82CC,385308FE41CA0484E84B01D5EED659,Σωτήριος
2017-08-01 05:08:29,D0B5863B3B6BB13755B8BC0FB997AA,385308FE41CA0484E84B01D5EED659,Σωτήριος
2017-08-01 05:10:19,3F65093D88D493A3C4803BC6F35866,87549ADEF37C1ED062AC9220B543E5,Liana
2017-08-01 05:10:40,A5C7951597609E2982344D66939AFF,04C4B42ECCF7B7E49DD603DA5EB3CD,许
2017-08-01 05:15:42,8FC5E3665B74C04951B9CB76FBCCF5,49CBEF0BAAA27B1F2DE6964B041247,Perla
2017-08-01 05:16:48,2D6D9C524B9731CE2D6499CA2D4483,3C05227B86DDE1AD1D4ACB0921ACC6,Ebru Yavuz
2017-08-01 05:16:54,AB5194E15D7BFCF0045BB4DBAA18A6,D26DE2048E1E72CD9F025A0E9348B4,OwenLeo
2017-08-01 05:19:21,796191DB0671CF67251E13B84718E8,D89F3229CD8808A65B9FF29F29C139,Ela
2017-08-01 05:19:21,2612633D89720C60D41F84F5B5E72A,D89F3229CD8808A65B9FF29F29C139,Ela
2017-08-01 05:19:21,CFFA32474175C0DEDC919DB2DB72E9,D89F3229CD8808A65B9FF29F29C139,Ela
2017-08-01 05:19:21,D1BE1042F5E5DEE58E772C135C20AE,D89F3229CD8808A65B9FF29F29C139,Ela
2017-08-01 05:19:21,0BCCF167E2C6D258FD75B0A3307300,D89F3229CD8808A65B9FF29F29C139,Ela
2017-08-01 05:19:21,1F8156A4E8A5BFAB066151F9A0BEF1,D89F3229CD8808A65B9FF29F29C139,Ela
2017-08-01 05:19:21,ADF085921A5A6AA6A929BE2DE148A8,D89F3229CD8808A65B9FF29F29C139,Ela
2017-08-01 05:19:21,367FE6E1A8301DEDD6BB4CC4FFA51F,D89F3229CD8808A65B9FF29F29C139,Ela
2017-08-01 05:19:21,D1A42AFEBF7400811DDA3F9E98CED6,D89F3229CD8808A65B9FF29F29C139,Ela
2017-08-01 05:19:21,58630949F5F251C58CDFDCF2DF1D27,D89F3229CD8808A65B9FF29F29C139,Ela
2017-08-01 05:19:21,95BCB8E44A4F993FAD40B975259E8B,D89F3229CD8808A65B9FF29F29C139,Ela
2017-08-01 05:19:21,313723D30D95CBCDD44B32300CABEB,D89F3229CD8808A65B9FF29F29C139,Ela
2017-08-01 05:19:21,1CEC609A319B37616C9F6154499F02,D89F3229CD8808A65B9FF29F29C139,Ela
2017-08-01 05:19:21,E73411B5D870E1D9DEE70DE910A67E,D89F3229CD8808A65B9FF29F29C139,Ela
2017-08-01 05:19:41,A9803AD3AE776B9EF46F141A885961,E744E3A06C88E906A2A44269B17F5D,Святослав
2017-08-01 05:19:57,3B74CE6E4D26D57AADE4EC70115E08,281AA3DCDC558AE00DD57B21E53584,Xenia
2017-08-01 05:21:24,A2F0C3CA57981C6BFF608411BCEA54,5E55A9E770BE119286EEE85B17E610,Sarkadi
2017-08-01 05:21:44,775080A2E84428D2B8F12BF01D0EC1,049E7E627DA174E19A846790CFAD3A,许
2017-08-01 05:21:57,A5C7951597609E2982344D66939AFF,4622EE6C32EF1FA6D8A3650BD23A66,Δράκων
2017-08-01 05:22:18,A5C7951597609E2982344D66939AFF,04C4B42ECCF7B7E49DD603DA5EB3CD,许
2017-08-01 05:23:48,89FABB79E13ED969B5479465EA841F,A62BD10059635E953BD6375E44B591,Rana
2017-08-01 05:24:07,86838ADC67BD5B6A57F510CDBAFE19,28DCCC0FC3C64947F5D1DF2471DD84,Dimitra
2017-08-01 05:24:52,F62712701E7AF6588B69A44235A6FC,9AB43D430EF8C4443FB8698EFD5092,Δαμιανός
2017-08-01 05:25:08,864B0EF74CF0B40A49C5022DF091D2,9D8B48D2B88723C3CA065277A50566,Billy
2017-08-01 05:26:09,9BB953337ACF616EAEC93D46A45F20,15E93C26B9AD3FB12DD6DDD8BDD50F,Meera
2017-08-01 05:26:09,51BB9206CB4B76F1F7680A7EB1BE18,15E93C26B9AD3FB12DD6DDD8BDD50F,Meera
2017-08-01 05:26:09,E73411B5D870E1D9DEE70DE910A67E,15E93C26B9AD3FB12DD6DDD8BDD50F,Meera
2017-08-01 05:26:22,3778BD25DCE2CE4C44FAEFCA23439E,A0C42E57BC5A973CC8039155E28601,Hikmet
2017-08-01 05:27:24,3F65093D88D493A3C4803BC6F35866,DACE6D3C78D9B20B1F70A271BA98D5,Julie
2017-08-01 05:28:53,F2101CDB6C1997A2A42D82380D6569,6095032DE57070DB4E6A4BBCB4ED38,Emil
2017-08-01 05:28:53,5EF6320456A01EE56D3A82DBDDF4B4,6095032DE57070DB4E6A4BBCB4ED38,Emil
2017-08-01 05:31:46,8473CCCE79294CB494D1B42E2B1BAA,11AE51D423784884694E406AA6DFF9,Μέμνων
2017-08-01 05:31:58,7975C45619073E95AFBB8DDBF53CEB,6D44BB89FAEC67FF73072CAFE89CD7,Olivia
2017-08-01 05:33:32,A5C7951597609E2982344D66939AFF,221C6B22CF80AC2C9859D83181DAB0,Luiza
2017-08-01 05:34:21,8473CCCE79294CB494D1B42E2B1BAA,5AD83B196DC576600CCB4836BFEA93,Gabi
2017-08-01 05:38:05,D84BA7CA39C5FDF9738D9AC61E8ACF,6DE8880368ADFE025109B057DA17F0,Ionela
2017-08-01 05:38:05,42D637064A1E2DD2AEE4BCD99ECAB9,6DE8880368ADFE025109B057DA17F0,Ionela
2017-08-01 05:38:05,0D97F4CA153CB9F4D2043DD625EE94,6DE8880368ADFE025109B057DA17F0,Ionela
2017-08-01 05:38:28,BEA866DCB7E4675A77FE430A07BE2A,998E2981FC0E70F520371707F53CA6,Dimitra
2017-08-01 05:38:28,520EA69D3794B463EC553B79FDF850,998E2981FC0E70F520371707F53CA6,Dimitra
2017-08-01 05:38:28,E9E31EA88362D4CC01B8DCA27D91E5,998E2981FC0E70F520371707F53CA6,Dimitra
2017-08-01 05:38:28,358D2399D862694FD9A1A7AAC508FE,998E2981FC0E70F520371707F53CA6,Dimitra
2017-08-01 05:38:28,B8B4B146D99BC21D262208D286DB51,998E2981FC0E70F520371707F53CA6,Dimitra
2017-08-01 05:38:28,A5C7951597609E2982344D66939AFF,998E2981FC0E70F520371707F53CA6,Dimitra
2017-08-01 05:38:28,67CB952C59AF26CC1ED944BCA2E57E,998E2981FC0E70F520371707F53CA6,Dimitra
2017-08-01 05:38:28,B595E1D217EEEC821A537964124476,998E2981FC0E70F520371707F53CA6,Dimitra
2017-08-01 05:38:28,349F293BA3435B7BC6AD35BF8396C6,998E2981FC0E70F520371707F53CA6,Dimitra
2017-08-01 05:38:28,C69E0349776A41A35F9929950CB2FD,998E2981FC0E70F520371707F53CA6,Dimitra
2017-08-01 05:38:28,4E5544D290F0A89FD2C1E417D185DF,998E2981FC0E70F520371707F53CA6,Dimitra
2017-08-01 05:38:28,F6DC3043113C54DF6798EBA80C75B8,998E2981FC0E70F520371707F53CA6,Dimitra
2017-08-01 05:38:28,F9A481E61A6611CAE7F3E4D1556E80,998E2981FC0E70F520371707F53CA6,Dimitra
2017-08-01 05:38:28,F62712701E7AF6588B69A44235A6FC,998E2981FC0E70F520371707F53CA6,Dimitra
2017-08-01 05:38:28,DF6A386FE701217C2A12292DB8D142,998E2981FC0E70F520371707F53CA6,Dimitra
2017-08-01 05:38:28,BDBE11A049BCE9AC98F1678734A9D1,998E2981FC0E70F520371707F53CA6,Dimitra
2017-08-01 05:38:28,8578B32FB44462369E16407FB9787E,998E2981FC0E70F520371707F53CA6,Dimitra
2017-08-01 05:38:28,08CD54CB5C552A6A4CBFFDD5D6B326,998E2981FC0E70F520371707F53CA6,Dimitra
2017-08-01 05:38:28,6D505C872BE942BBF7EE89231BE7FC,998E2981FC0E70F520371707F53CA6,Dimitra
2017-08-01 05:38:35,A5C7951597609E2982344D66939AFF,04C4B42ECCF7B7E49DD603DA5EB3CD,许
2017-08-01 05:39:06,F03D3E396B4E85B197FD3B510A3DBF,FC1B11BDF7216829818CFC19A04C5C,Lorenzo
2017-08-01 05:42:16,D4A72968D43A83A9E8E12FB53D106B,585180152BBCB03C9EE79C84DAEE89,Toby
2017-08-01 05:44:20,3F65093D88D493A3C4803BC6F35866,87549ADEF37C1ED062AC9220B543E5,Liana
2017-08-01 05:45:08,A5C7951597609E2982344D66939AFF,04C4B42ECCF7B7E49DD603DA5EB3CD,许
2017-08-01 05:45:38,A9803AD3AE776B9EF46F141A885961,DBC37678A328EDE8CA30B7DA472B7D,Jeffrey
2017-08-01 05:46:30,BE6B4CBB422BBF114FB109921F2B9F,7BCD287DF0EBF5CAA86458737777BD,Noë
2017-08-01 05:47:50,3F65093D88D493A3C4803BC6F35866,0BCD3ADC18C6C8BDD39732BF5D56C4,Ashley
2017-08-01 05:48:26,7E3BE1E4969CCA4B221D678E51E00A,410A71EC8B3EAAAC8CFE853FEDF77A,Bahtiyar
2017-08-01 05:48:36,9CD7F35204A265840854335D587696,3F22054D8757292C1BF83BAB3EE129,Gazdag
2017-08-01 05:50:05,B13AB17E225370817668F2B3B24FAA,42FE2C8CA6292F3428058390F17D34,Gülşah
2017-08-01 05:52:54,D7318D286A704DC6723940DF045B72,D18FEF1EBFA9648C131E104F6847FD,Simona
2017-08-01 05:53:13,9C881A2EBC8F87B9B705FC5F876620,585180152BBCB03C9EE79C84DAEE89,Toby
2017-08-01 05:53:13,A5C7951597609E2982344D66939AFF,04C4B42ECCF7B7E49DD603DA5EB3CD,许
2017-08-01 05:53:54,6CF0C1AD6695C49FE5084FED98DC38,97FEC1EFF1B633B1DDAFC090683563,Constantina
2017-08-01 05:54:28,3F65093D88D493A3C4803BC6F35866,768ACCEF5BDCF82F32AF1271FC351D,Mathijs
2017-08-01 05:56:41,3F65093D88D493A3C4803BC6F35866,E022BC28FCA498696625310174FBA1,孟
2017-08-01 05:56:52,391A4416FC0ADE8FD604B2F1A9BCCE,4622EE6C32EF1FA6D8A3650BD23A66,Δράκων
2017-08-01 05:59:33,67CB952C59AF26CC1ED944BCA2E57E,00A0ED2A6F99DE0E577C51FAEBF302,三浦
2017-08-01 05:59:33,C5F6178AF37CD86DF3B9D8CD811BAB,00A0ED2A6F99DE0E577C51FAEBF302,三浦
2017-08-01 05:59:33,80B3F280F3C7A93E13A93C8855F2B3,00A0ED2A6F99DE0E577C51FAEBF302,三浦
2017-08-01 05:59:33,1B7EA1BAFAF72B4EA2AE1ACD8D775F,00A0ED2A6F99DE0E577C51FAEBF302,三浦
2017-08-01 05:59:33,CFFEC5978B0A4A05FA6DCEFB2C82CC,00A0ED2A6F99DE0E577C51FAEBF302,三浦
2017-08-01 05:59:33,DF6A386FE701217C2A12292DB8D142,00A0ED2A6F99DE0E577C51FAEBF302,三浦
2017-08-01 05:59:33,903AFE74BE3F14BF1CDCFC2F3265F6,00A0ED2A6F99DE0E577C51FAEBF302,三浦
2017-08-01 05:59:33,0BCCF167E2C6D258FD75B0A3307300,00A0ED2A6F99DE0E577C51FAEBF302,三浦
2017-08-01 05:59:33,EDDAB3483A91FCB8828578338BCE43,00A0ED2A6F99DE0E577C51FAEBF302,三浦
2017-08-01 05:59:33,DDBA7653545B1BB68658838A22BAA5,00A0ED2A6F99DE0E577C51FAEBF302,三浦
2017-08-01 05:59:33,D33D54EC977D513157EA42A79CAE2F,00A0ED2A6F99DE0E577C51FAEBF302,三浦
2017-08-01 05:59:33,C4355B11646AAC57BB210170FA9038,00A0ED2A6F99DE0E577C51FAEBF302,三浦
2017-08-01 05:59:33,F6DC3043113C54DF6798EBA80C75B8,00A0ED2A6F99DE0E577C51FAEBF302,三浦
2017-08-01 05:59:33,3EDD610EED4FD647A4DC2E26A51FF0,00A0ED2A6F99DE0E577C51FAEBF302,三浦
2017-08-01 05:59:33,3DADA789F111A9A75234783F121FF2,00A0ED2A6F99DE0E577C51FAEBF302,三浦
2017-08-01 05:59:33,D5D2BEB41F0A10BD09D4388CCBA170,00A0ED2A6F99DE0E577C51FAEBF302,三浦
2017-08-01 05:59:33,88C3B7F8C386222D0995B2FB1041C1,00A0ED2A6F99DE0E577C51FAEBF302,三浦
2017-08-01 06:01:04,7339382127A661D720661A77EE21BC,4D801E5ACB828CD81558F5C480D6FF,Rahmi
2017-08-01 06:01:04,22A50B173C33FC6B1F8BC23E4360CA,4D801E5ACB828CD81558F5C480D6FF,Rahmi
2017-08-01 06:01:07,1E194064AA404139A0EA249BA9CE3D,6CAE10ED2F98E77E12F99BB7F34F9E,Zsigmond
2017-08-01 06:01:07,85667A0E862F87927D25F60933B73B,6CAE10ED2F98E77E12F99BB7F34F9E,Zsigmond
2017-08-01 06:01:07,414C684635A7D4D0954B8D64D6BC6F,6CAE10ED2F98E77E12F99BB7F34F9E,Zsigmond
2017-08-01 06:01:07,C62B1FD5529C9754AE07292225E244,6CAE10ED2F98E77E12F99BB7F34F9E,Zsigmond
2017-08-01 06:01:07,9346D21879EFD8A68B37EBCAF4308C,6CAE10ED2F98E77E12F99BB7F34F9E,Zsigmond
2017-08-01 06:01:36,9AD1F2A056953EBC28D748A8799DEF,0C82BB641180415BA6F6AA63EDF2D1,Petra
2017-08-01 06:02:03,4536D446C470C97FAE214C0FE7B762,24CB7C4A17A62324DDA8F817001323,Rahmi
2017-08-01 06:02:03,37BBA9478876377333AD37A04C1640,24CB7C4A17A62324DDA8F817001323,Rahmi
2017-08-01 06:02:03,9AB43D430EF8C4443FB8698EFD5092,24CB7C4A17A62324DDA8F817001323,Rahmi
2017-08-01 06:02:03,759C239F7658E99E85DDA30A494DC9,24CB7C4A17A62324DDA8F817001323,Rahmi
2017-08-01 06:05:58,C5F6178AF37CD86DF3B9D8CD811BAB,DF3448DEE9A6F1A5D7E1B51216E401,Lê
2017-08-01 06:05:58,6D505C872BE942BBF7EE89231BE7FC,DF3448DEE9A6F1A5D7E1B51216E401,Lê
2017-08-01 06:06:57,682CE2EFCD43C33E9D31B2E1F7CB78,3BFB38A84C6BA103CCBFDC0F790353,Krištof
2017-08-01 06:06:57,F95695B47B6F760F9DDFFD6C4B78DB,3BFB38A84C6BA103CCBFDC0F790353,Krištof
2017-08-01 06:06:57,1B7EA1BAFAF72B4EA2AE1ACD8D775F,3BFB38A84C6BA103CCBFDC0F790353,Krištof
2017-08-01 06:06:57,80B3F280F3C7A93E13A93C8855F2B3,3BFB38A84C6BA103CCBFDC0F790353,Krištof
2017-08-01 06:06:57,C69E0349776A41A35F9929950CB2FD,3BFB38A84C6BA103CCBFDC0F790353,Krištof
2017-08-01 06:06:57,DDBA7653545B1BB68658838A22BAA5,3BFB38A84C6BA103CCBFDC0F790353,Krištof
2017-08-01 06:06:57,7154B79637F084608CFD76D7898C0A,3BFB38A84C6BA103CCBFDC0F790353,Krištof
2017-08-01 06:06:57,08CD54CB5C552A6A4CBFFDD5D6B326,3BFB38A84C6BA103CCBFDC0F790353,Krištof
2017-08-01 06:06:57,E73411B5D870E1D9DEE70DE910A67E,3BFB38A84C6BA103CCBFDC0F790353,Krištof
2017-08-01 06:06:57,C46065CD045E2F2FA93B60793E28DD,3BFB38A84C6BA103CCBFDC0F790353,Krištof
2017-08-01 06:06:58,3F65093D88D493A3C4803BC6F35866,F62712701E7AF6588B69A44235A6FC,Binod
2017-08-01 06:10:15,98C940A7D08E276294CD757F8E77E0,0C2DC11CAF71DD36135016F9253408,Sánta
2017-08-01 06:10:15,4DC8E67EDCD66FE6C1FFCB0B9EE2D5,0C2DC11CAF71DD36135016F9253408,Sánta
2017-08-01 06:10:15,DF6A386FE701217C2A12292DB8D142,0C2DC11CAF71DD36135016F9253408,Sánta
2017-08-01 06:10:15,D5D2BEB41F0A10BD09D4388CCBA170,0C2DC11CAF71DD36135016F9253408,Sánta
2017-08-01 06:10:15,E73411B5D870E1D9DEE70DE910A67E,0C2DC11CAF71DD36135016F9253408,Sánta
2017-08-01 06:10:15,4AF554BCEF2F89F8B2E25832D90E32,0C2DC11CAF71DD36135016F9253408,Sánta
2017-08-01 06:10:15,682CE2EFCD43C33E9D31B2E1F7CB78,0C2DC11CAF71DD36135016F9253408,Sánta
2017-08-01 06:10:15,5F6A37FA4586A1CC048CD6798ECB2B,0C2DC11CAF71DD36135016F9253408,Sánta
2017-08-01 06:10:15,6448202C399DF6378AA90702FCDA03,0C2DC11CAF71DD36135016F9253408,Sánta
2017-08-01 06:11:08,635A16F8D463E94C27129346384F16,66AAE6F748911425550C391413B5A5,Mélanie
2017-08-01 06:11:48,4536D446C470C97FAE214C0FE7B762,24CB7C4A17A62324DDA8F817001323,Rahmi
2017-08-01 06:11:48,37BBA9478876377333AD37A04C1640,24CB7C4A17A62324DDA8F817001323,Rahmi
2017-08-01 06:11:48,9AB43D430EF8C4443FB8698EFD5092,24CB7C4A17A62324DDA8F817001323,Rahmi
2017-08-01 06:11:48,759C239F7658E99E85DDA30A494DC9,24CB7C4A17A62324DDA8F817001323,Rahmi
2017-08-01 06:13:11,1660A19D697C3AD478D70B32EDCB60,908D58A8F715623DE70BE2D3CEF5C5,Rahmi
2017-08-01 06:14:05,2CBAA6DBE3D2B65392C1884862D408,E4432D5D69E0B0EB16E07036D710DF,Manuela
2017-08-01 06:14:05,C37BF36D3352929F23F8E95B4F02E1,E4432D5D69E0B0EB16E07036D710DF,Manuela
2017-08-01 06:15:15,8473CCCE79294CB494D1B42E2B1BAA,3F1E1550CD86A82164D8F142238DC1,Ebru Yavuz
2017-08-01 06:17:23,E25C8471BAC628195A1F3172874B10,C39635D40865E6848553DB8E687AFB,Socorro
2017-08-01 06:17:53,A9538614021FEE0EB4AA323EF8CFEE,83CC27D2FCC2A2C9E35F5EAC7BAAD2,Bucur
2017-08-01 06:17:53,C4DCF1DDE7B446BD2E042E457204CF,83CC27D2FCC2A2C9E35F5EAC7BAAD2,Bucur
2017-08-01 06:17:53,6CF38C9A69835B83BA3ECB42715B10,83CC27D2FCC2A2C9E35F5EAC7BAAD2,Bucur
2017-08-01 06:17:53,E1510C6521BABF920E2313F544F977,83CC27D2FCC2A2C9E35F5EAC7BAAD2,Bucur
2017-08-01 06:18:23,BF86B411BC0E8692F429612EF59C0E,BF86B411BC0E8692F429612EF59C0E,Finlay
2017-08-01 06:19:46,50EA90DE26FA20BED781931EF318CF,2F41E51EA0C0610B0CD1DB24420BAA,Constantina
2017-08-01 06:19:46,67CD82ADC67FFD0A21AE0D035D728F,2F41E51EA0C0610B0CD1DB24420BAA,Constantina
2017-08-01 06:19:46,46AC31D134C03F6021F5E4E32EB638,2F41E51EA0C0610B0CD1DB24420BAA,Constantina
2017-08-01 06:20:09,391A4416FC0ADE8FD604B2F1A9BCCE,72C688FB41B4EDE06DBC790020FBE7,Victoria
2017-08-01 06:21:31,03A688BBF22D82D21042F6D6EDAEDE,27D4CDD6B4A933937B73C08BCF0B8C,유
2017-08-01 06:21:31,DD6D3445D1B2EF57EA7044B1FF4360,27D4CDD6B4A933937B73C08BCF0B8C,유
2017-08-01 06:21:31,CE002D085706EF0B340E924B06F7C2,27D4CDD6B4A933937B73C08BCF0B8C,유
2017-08-01 06:21:31,C29F380D5EE725121E3A0ED618AA2F,27D4CDD6B4A933937B73C08BCF0B8C,유
2017-08-01 06:23:51,A5C7951597609E2982344D66939AFF,B14926E9127DAFA44708CAC5361CDA,Omar
2017-08-01 06:23:58,3F65093D88D493A3C4803BC6F35866,DACE6D3C78D9B20B1F70A271BA98D5,Julie
2017-08-01 06:25:18,B2B1425E67A3DA555C227E8AB1E36B,283B066DB9831B270986D21881CC94,Anke
2017-08-01 06:25:21,3F65093D88D493A3C4803BC6F35866,CE56D96CD05481BB1672D0DED1A9B3,Iustinian
2017-08-01 06:26:12,EBFEC4900A18FE63CAD3E52FE70FD5,AC1DB4CA76A0C0531ADB9CE7CA163B,Ariadna
2017-08-01 06:26:50,F62712701E7AF6588B69A44235A6FC,9AC365BB87398D013E1C32CF785096,Graciela
2017-08-01 06:28:30,1B7EA1BAFAF72B4EA2AE1ACD8D775F,76BC5D1B89CE00A8B10C78D86EAD1B,Διγενής
2017-08-01 06:30:07,AC853CB79A70EAE650BC047BF576A5,A10AAD600F48E7E43759FBF1BA2774,Pablo
2017-08-01 06:30:45,2E44DEACCAD9E29D98343D3CB50D14,7A2E6DD6CD80063A005387EC8C7699,Λεωνίδας
2017-08-01 06:31:01,6B66C6912E4A41ECE9CAF594B2463F,F8C8DC9BA16F32A9B1D854EB86C5A6,Зоя
2017-08-01 06:31:01,F2A679B5BBD588A5A818FD0B736CC7,F8C8DC9BA16F32A9B1D854EB86C5A6,Зоя
2017-08-01 06:31:01,8770F7245DE52A5533767B8D4FB04F,F8C8DC9BA16F32A9B1D854EB86C5A6,Зоя
2017-08-01 06:31:08,CFFEC5978B0A4A05FA6DCEFB2C82CC,72C688FB41B4EDE06DBC790020FBE7,Victoria
2017-08-01 06:31:18,D2F4E19454253B03F4FE875C743F54,2C1278760710E9949C56E7D9F15D0C,Brooke
2017-08-01 06:31:32,B595E1D217EEEC821A537964124476,EB9E99BE573D2D89ED30BF2E09421F,Saúl
2017-08-01 06:32:01,DDBA7653545B1BB68658838A22BAA5,C8AF67EE1A78CD0F220B7726C3EE73,Silvia
2017-08-01 06:33:53,4E5544D290F0A89FD2C1E417D185DF,E14D0199E9309813875F352E0EA011,Dimitra
2017-08-01 06:33:53,4BC75878F2D84777C61543AB4AEADB,E14D0199E9309813875F352E0EA011,Dimitra
2017-08-01 06:33:53,DAD1CD0BA3F4B39BF9D96FF5F6FAED,E14D0199E9309813875F352E0EA011,Dimitra
2017-08-01 06:33:53,DF6A386FE701217C2A12292DB8D142,E14D0199E9309813875F352E0EA011,Dimitra
2017-08-01 06:33:53,706A094F03C64368FEE57DC3849439,E14D0199E9309813875F352E0EA011,Dimitra
2017-08-01 06:33:53,A074F6219283CAE0A0D987157628B7,E14D0199E9309813875F352E0EA011,Dimitra
2017-08-01 06:33:53,5E259B31F471FB5C6C6392DFD270B7,E14D0199E9309813875F352E0EA011,Dimitra
2017-08-01 06:33:53,E73411B5D870E1D9DEE70DE910A67E,E14D0199E9309813875F352E0EA011,Dimitra
2017-08-01 06:33:53,EDE153B82934E861D99F105689831D,E14D0199E9309813875F352E0EA011,Dimitra
2017-08-01 06:33:53,FE84810B704DBA0C9864410FFB36E1,E14D0199E9309813875F352E0EA011,Dimitra
2017-08-01 06:34:54,3F65093D88D493A3C4803BC6F35866,28C20E4227D2932DCDF76075DD0CC9,Сергей
2017-08-01 06:35:06,A5C7951597609E2982344D66939AFF,04C4B42ECCF7B7E49DD603DA5EB3CD,许
2017-08-01 06:35:26,5FEB600FA3177DCC584DD823DEE0F4,DF7EE37B2EFDBA2E5E9A3935A02F9A,马
2017-08-01 06:35:36,98AAFB87801EE29A29D75867D9DAD7,937D9367FA11B39109123B8E44FA4C,Bishnu
2017-08-01 06:36:55,A0C208DF9179AEF188E72671E91B6F,675525B66387FFEFBC07CDA31072AF,孟
2017-08-01 06:37:19,8D76219590407EB8C3EC6985C58916,62A85F06C390100CFE13959C4036E0,유
2017-08-01 06:37:24,3EA87AD4C4F9B75793CC338EA774C4,2045966E98FE26768DD3ABF8EE32C5,Hegyi
2017-08-01 06:37:24,A5C7951597609E2982344D66939AFF,2045966E98FE26768DD3ABF8EE32C5,Hegyi
2017-08-01 06:37:49,A5C7951597609E2982344D66939AFF,E0A86D5E6909EF85D22FF6ED7BF865,Maia
2017-08-01 06:38:13,A5C7951597609E2982344D66939AFF,04C4B42ECCF7B7E49DD603DA5EB3CD,许
2017-08-01 06:38:38,A9803AD3AE776B9EF46F141A885961,ADA5EB0589450348EBD645560448C6,Sarkadi
2017-08-01 06:39:41,391A4416FC0ADE8FD604B2F1A9BCCE,98C37D7581D940951D3D1746D2A4A4,Raúl
2017-08-01 06:40:52,FBD249A6674D48BA9AC7D625470238,57DB1E57231EF8F95420D16EB599E3,Manuela
2017-08-01 06:41:50,A5C7951597609E2982344D66939AFF,04C4B42ECCF7B7E49DD603DA5EB3CD,许
2017-08-01 06:43:22,EC8BEB97FC2FFBBD3CBED29C6BAC4E,DDBA7653545B1BB68658838A22BAA5,Buse
2017-08-01 06:43:22,BB26AAB5EFAB1B5873AD7BA97AF7B3,DDBA7653545B1BB68658838A22BAA5,Buse
2017-08-01 06:43:22,3648F4AB42D7A8BA55314A39D48C21,DDBA7653545B1BB68658838A22BAA5,Buse
2017-08-01 06:43:22,0E070C8A8BE2215202B21E02761228,DDBA7653545B1BB68658838A22BAA5,Buse
2017-08-01 06:43:22,8473CCCE79294CB494D1B42E2B1BAA,DDBA7653545B1BB68658838A22BAA5,Buse
2017-08-01 06:43:22,C69E0349776A41A35F9929950CB2FD,DDBA7653545B1BB68658838A22BAA5,Buse
2017-08-01 06:43:22,C7FF0958737C7721B1A5EDF270BAED,DDBA7653545B1BB68658838A22BAA5,Buse
2017-08-01 06:43:22,A5C7951597609E2982344D66939AFF,DDBA7653545B1BB68658838A22BAA5,Buse
2017-08-01 06:43:22,7154B79637F084608CFD76D7898C0A,DDBA7653545B1BB68658838A22BAA5,Buse
2017-08-01 06:43:22,DAD1CD0BA3F4B39BF9D96FF5F6FAED,DDBA7653545B1BB68658838A22BAA5,Buse
2017-08-01 06:43:22,B8B4B146D99BC21D262208D286DB51,DDBA7653545B1BB68658838A22BAA5,Buse
2017-08-01 06:44:05,1BA53594A79B400E1C93DA27856990,13E3E6DAD3A1795E1631911B5A9570,Ujjwol
2017-08-01 06:45:38,6AC518F7926E2B04339534EF62D869,81FE0CF6068251E9266282C009899B,Επωπέας
2017-08-01 06:45:44,CFFEC5978B0A4A05FA6DCEFB2C82CC,159854120B568D6449798289D97D64,Franciso
2017-08-01 06:46:09,7975C45619073E95AFBB8DDBF53CEB,6D44BB89FAEC67FF73072CAFE89CD7,Olivia
2017-08-01 06:46:52,7154B79637F084608CFD76D7898C0A,971C525D6402CE8465DDB075A7E19E,Rameshwor
2017-08-01 06:49:43,024ADEDB769DDF22A9A9CD309AF6A0,60F84754BC7AFBCE5464035AF8498D,Αριστομένης
2017-08-01 06:49:43,3EE2CFDDAAF338E2A0FE5AFFC92F3A,60F84754BC7AFBCE5464035AF8498D,Αριστομένης
2017-08-01 06:49:43,7B83D267FB3494985381CBA38DBB38,60F84754BC7AFBCE5464035AF8498D,Αριστομένης
2017-08-01 06:50:08,39C07DCC7A223063F50048189F14CD,C4E2F8385960429684BE228426FB93,三浦
2017-08-01 06:50:10,8011E06671C7F4855DE555D7B07BF5,FB6BDF4D90EC9E68295BB3A03E7EF9,Urban
2017-08-01 06:51:37,576912EAFF55B8C0B562EF54EC8415,4622EE6C32EF1FA6D8A3650BD23A66,Δράκων
2017-08-01 06:51:37,1F8156A4E8A5BFAB066151F9A0BEF1,4622EE6C32EF1FA6D8A3650BD23A66,Δράκων
2017-08-01 06:51:48,4D10E40B0BCAA7660976F78EDE2E9C,2922C64408667C07B910F83B168420,Brooke
2017-08-01 06:53:51,CFFEC5978B0A4A05FA6DCEFB2C82CC,B5BA8FA5CF5342CBCC9CDAA427E058,Λυκάων
2017-08-01 06:54:30,DDBA7653545B1BB68658838A22BAA5,B8FED5032DC839CE93FE4D701F5A76,Esperanza
2017-08-01 06:55:26,349F293BA3435B7BC6AD35BF8396C6,E8EC8DEFC8FFA78C6289D36BA4663D,Nataša
2017-08-01 06:56:53,30C066C84B4DBB5F9B1E98DD885621,0C913DA3FFE7F44C08BAD7BFEB3761,Tanács
2017-08-01 06:58:02,40690D01D0F3E37A3E7FCFB6188759,A9BF39DA565865A3DDBABEE0AD87E8,Žigmund
2017-08-01 06:58:02,C7FF0958737C7721B1A5EDF270BAED,A9BF39DA565865A3DDBABEE0AD87E8,Žigmund
2017-08-01 06:58:40,E73411B5D870E1D9DEE70DE910A67E,087F6D4B93BCDB37E0C1408B22CA59,Adi
2017-08-01 06:58:40,9CD9AA032E5C1ECC8ED859A44201C5,087F6D4B93BCDB37E0C1408B22CA59,Adi
2017-08-01 06:59:01,885DC27261DEC77C061F07C828E458,809E6D69F1D4A04B7A9AB1840335BF,Sara
2017-08-01 06:59:16,A5C7951597609E2982344D66939AFF,9AB43D430EF8C4443FB8698EFD5092,Δαμιανός
2017-08-01 07:00:35,F62712701E7AF6588B69A44235A6FC,04B8E8E972C682E8F98727EC8F4EF9,Jenel
2017-08-01 07:00:50,2F58DBB2BB7C761E1F2024DEFB56FD,3DA0C7302B23605F5E9BC7693738D7,Mina
2017-08-01 07:00:50,33DC03E5A923EB8CB869365459C9AD,3DA0C7302B23605F5E9BC7693738D7,Mina
2017-08-01 07:01:17,CFFEC5978B0A4A05FA6DCEFB2C82CC,9AB43D430EF8C4443FB8698EFD5092,Δαμιανός
2017-08-01 07:03:05,DDBA7653545B1BB68658838A22BAA5,74C09338D7CA031859AE26A1586692,Toomas
2017-08-01 07:03:40,576912EAFF55B8C0B562EF54EC8415,9C6A2B93C85DC3FF488025065D052F,Octav
2017-08-01 07:03:40,4DC8E67EDCD66FE6C1FFCB0B9EE2D5,9C6A2B93C85DC3FF488025065D052F,Octav
2017-08-01 07:04:15,391A4416FC0ADE8FD604B2F1A9BCCE,977C01ABF0EAA2C5F9E9FC03E618D7,Mélanie
2017-08-01 07:04:32,52FF5D28003E2E431C600C8E07B595,B34CFFB5CA3C6EAA95991E35FA5066,Bakos
2017-08-01 07:04:32,0AB898218821663F5B4E8BC8FF17F8,B34CFFB5CA3C6EAA95991E35FA5066,Bakos
2017-08-01 07:04:32,88B47E8072EA6E0C4554746B290B68,B34CFFB5CA3C6EAA95991E35FA5066,Bakos
2017-08-01 07:04:32,F6DC3043113C54DF6798EBA80C75B8,B34CFFB5CA3C6EAA95991E35FA5066,Bakos
2017-08-01 07:04:32,D0B5863B3B6BB13755B8BC0FB997AA,B34CFFB5CA3C6EAA95991E35FA5066,Bakos
2017-08-01 07:04:32,4E6296831B1C923435A3B21FDAC668,B34CFFB5CA3C6EAA95991E35FA5066,Bakos
2017-08-01 07:04:32,CFFEC5978B0A4A05FA6DCEFB2C82CC,B34CFFB5CA3C6EAA95991E35FA5066,Bakos
2017-08-01 07:04:32,7B28D76C1BFCC730353EF04AB22CA0,B34CFFB5CA3C6EAA95991E35FA5066,Bakos
2017-08-01 07:08:09,391A4416FC0ADE8FD604B2F1A9BCCE,2221586E51A07D6F00491C16138329,Dimitra
2017-08-01 07:08:25,DE8956D05BDB0520E3E7E835FC95D1,3765E6EE9E47121D4101D80B4020D5,Ιπποκλής
2017-08-01 07:08:25,C0203753B76B7376D03C7F5E8CF8DE,3765E6EE9E47121D4101D80B4020D5,Ιπποκλής
2017-08-01 07:09:39,F6E2027BFD70E5B2BC9D7CF7A6DC44,C8731BD9CF986A1B5A6BE6E82BD7F6,Luciana
2017-08-01 07:10:11,FEF381E763B6935A8E5A6BDE9C8E66,1B2DABE063A992B4777CDB44929A63,Bruce
2017-08-01 07:10:11,784CB1952E47212932226A04814A34,1B2DABE063A992B4777CDB44929A63,Bruce
2017-08-01 07:10:23,D6BCDCB292BFC6077DBFDF4841DC5A,6460F770C9C20321D1E26CB3B420B5,Matus
2017-08-01 07:10:55,D223178FF77F06AB68526DC60046ED,3CC499927AE7AD87BDD7C58E245FE3,Tulsi
2017-08-01 07:12:29,23528F8041ABDBEAAB8D9FB9A6CB05,5DF51F118A4775EABF61B1B452B8EE,Manuela
2017-08-01 07:13:41,C4355B11646AAC57BB210170FA9038,425CEC89E64E70A994B1EC0786785F,Juan
2017-08-01 07:13:41,08CD54CB5C552A6A4CBFFDD5D6B326,425CEC89E64E70A994B1EC0786785F,Juan
2017-08-01 07:13:41,FD6F71FE53D90E17ADFAA5C218955F,425CEC89E64E70A994B1EC0786785F,Juan
2017-08-01 07:13:41,349F293BA3435B7BC6AD35BF8396C6,425CEC89E64E70A994B1EC0786785F,Juan
2017-08-01 07:13:41,E73411B5D870E1D9DEE70DE910A67E,425CEC89E64E70A994B1EC0786785F,Juan
2017-08-01 07:13:41,36E5145700814074DEBEAF65E6BD39,425CEC89E64E70A994B1EC0786785F,Juan
2017-08-01 07:13:44,17F850056FDA2F99261497DDFAA731,A01CAFEA710B97FB641885227AB6FB,Agnos
2017-08-01 07:14:37,CD577AB534535355BDB4EAD59A91EB,851F0B28200A1F5C0BA8C3CF289190,Monica
2017-08-01 07:15:14,520EA69D3794B463EC553B79FDF850,E8E9473C819ECAAB8D8BA39C97EFB9,Lana
2017-08-01 07:15:14,6227CDBD5D785201F47ADA7E572B5F,E8E9473C819ECAAB8D8BA39C97EFB9,Lana
2017-08-01 07:15:14,E9E31EA88362D4CC01B8DCA27D91E5,E8E9473C819ECAAB8D8BA39C97EFB9,Lana
2017-08-01 07:17:12,F75EF2B95C0E65DD895E658CBAD4DD,115F445BFB54C0740C484A114D2AC2,Μέμνων
2017-08-01 07:19:41,6F8298FDB51FF88939E122E4716D70,684BE3335F1E01447F416E1E32B419,Ethan
2017-08-01 07:19:41,B8B4B146D99BC21D262208D286DB51,684BE3335F1E01447F416E1E32B419,Ethan
2017-08-01 07:19:41,A2B1D0A490CF3B63DCE38FF69EECE5,684BE3335F1E01447F416E1E32B419,Ethan
2017-08-01 07:19:44,CFFEC5978B0A4A05FA6DCEFB2C82CC,16CC2AA801B1F29D4991C947B8705A,Rozalia
2017-08-01 07:19:51,87B85FB1EF6E8DB718D62533CC9D02,0EB13B9CAB13F07338DF91242C6292,Luiza
2017-08-01 07:21:23,25C31D225C3C53D6E8D9E568689500,939714C4C81FC88298AE17781F1778,Hà
2017-08-01 07:21:27,F03B19E30614EC53DBC07350A961DA,D612CEE466A2314FB7CE6D6AA32B1D,Sean
2017-08-01 07:22:23,7C0231A9FC1ECA7C84FB31BF0E7E96,24055C2E89F9B292B9E933B86AC85E,Maroš
2017-08-01 07:22:54,A5C7951597609E2982344D66939AFF,04C4B42ECCF7B7E49DD603DA5EB3CD,许
2017-08-01 07:23:29,5C0E3395B87EFEBD99D330E2CD8930,67E8FA3294C2A378FF50B583F13B0D,Brooke
2017-08-01 07:24:16,3F65093D88D493A3C4803BC6F35866,CE56D96CD05481BB1672D0DED1A9B3,Iustinian
2017-08-01 07:24:29,DBBB0B048D7E21D8D942D23750D265,676EEAEF685378CF122ACE461286AF,Simona
2017-08-01 07:25:22,A0496E4E62DD1C9C24E4BE9C3F49E5,E5ED117A103CB1B89CC578A08D7641,Tincuța
2017-08-01 07:25:22,7E7E3A1A70A9EDEC1825A9D5D572BB,E5ED117A103CB1B89CC578A08D7641,Tincuța
2017-08-01 07:25:53,36127CB1469423E79D7A8A0E6169CF,D2C9E4DBC55FB3ADFBDF80F1ADDF53,Domingo
2017-08-01 07:25:59,391A4416FC0ADE8FD604B2F1A9BCCE,0838BE5DC5C880E1DBE87AEA7BC0CD,Λεωνίδας
2017-08-01 07:25:59,9AB43D430EF8C4443FB8698EFD5092,0838BE5DC5C880E1DBE87AEA7BC0CD,Λεωνίδας
2017-08-01 07:25:59,0BCCF167E2C6D258FD75B0A3307300,0838BE5DC5C880E1DBE87AEA7BC0CD,Λεωνίδας
2017-08-01 07:28:28,202163D1253D93324866C3178163BA,6D617613DECFCD65F5DD8B47F79B75,Lisa van der
2017-08-01 07:28:49,A2F0C3CA57981C6BFF608411BCEA54,5E55A9E770BE119286EEE85B17E610,Sarkadi
2017-08-01 07:29:16,CD577AB534535355BDB4EAD59A91EB,42F038342EA4B5B45AAD4B7EC86CFC,Hubert
2017-08-01 07:29:22,AC80C4AD61F060385316BFCD779A07,8F342114930560236CF8509E81D167,سارینا
2017-08-01 07:30:39,BEA86B1B6E20B9EFBD8E3988539DF2,B54A5D4607BCBB983D526C723AF137,Tom
2017-08-01 07:31:12,9CEC8512DFEC9D246DA95A9448018D,F51E2041EC62601C8C7383C0C0793B,Jessica
2017-08-01 07:31:49,4BECC44DED96CAA079280194622301,4D30BC01D64A99F716820B4F188920,Samantha
2017-08-01 07:31:55,541DC97407F8E9C9BD9DD0F7518336,5217C3D3724A95AB94425DC81D3E37,Agustín
2017-08-01 07:31:55,5F0FCDB95DB4928B1D11DB5DD94961,5217C3D3724A95AB94425DC81D3E37,Agustín
2017-08-01 07:31:55,4B0B95015D902072B48BDE6C0A842F,5217C3D3724A95AB94425DC81D3E37,Agustín
2017-08-01 07:31:55,783F1736F995CBF03DBBAF7C60C834,5217C3D3724A95AB94425DC81D3E37,Agustín
2017-08-01 07:32:29,F67EE6DB3720DA5EF7C193DAF99121,F2EE8D1F74E1AFEF03F1ADB5B37DFD,Konštantín
2017-08-01 07:33:11,8473CCCE79294CB494D1B42E2B1BAA,E26C570C879A723E58A55429117386,Flora
2017-08-01 07:35:39,3F65093D88D493A3C4803BC6F35866,DACE6D3C78D9B20B1F70A271BA98D5,Julie
2017-08-01 07:38:08,E81F040ED81898C1DF2DEBA74E1F85,462C974F029FA1E91017694A6A8B02,Cynthia
2017-08-01 07:38:24,3648F4AB42D7A8BA55314A39D48C21,A3FB0A1C8094630D3DCB98712A0343,Luciana
2017-08-01 07:40:02,F2B2D2B98F0953C4822238004ACAB3,2E3712984948140E7ADC38837CDBE8,Léo
2017-08-01 07:41:01,F340F7BCD768E10A4D935D44BAC5EB,5EDD02FD5AFA7399C0F067D002FD4C,Επωπέας
2017-08-01 07:41:45,C9AB02FA91A315626F0EBFAF67CA3B,7A58FCF5E5EBECD885514AD53E359B,Ashton
2017-08-01 07:42:57,3F65093D88D493A3C4803BC6F35866,0BCD3ADC18C6C8BDD39732BF5D56C4,Ashley
2017-08-01 07:42:58,A228B702C32309BDA70EC6E93C8D55,E95CC9BE06D1E15445F15BFC13F688,Dylan
2017-08-01 07:43:46,432416D59A5D90BD1FB46E6FF71871,6AF468B71423B79C95CE147A972620,Petra
2017-08-01 07:43:58,E9E31EA88362D4CC01B8DCA27D91E5,E4ED605E1BA077316F57419A215CD0,Anatolie
2017-08-01 07:43:58,520EA69D3794B463EC553B79FDF850,E4ED605E1BA077316F57419A215CD0,Anatolie
2017-08-01 07:44:31,3AE85ABA9F8C492EB4F6DFB2FEF954,7EE4B77D9547F074B9E4B54E09691A,Buse
2017-08-01 07:44:36,558BEEF9EF50194496A87E2D8C061C,BCBE6F8D09A921D200F0BD957463F8,Maxim
2017-08-01 07:44:48,94E7CF0FEACD197367342328D9CCC0,6636B00D7526353F6265774CC6959A,Juan
2017-08-01 07:44:48,FA6C4A37AB948B3B1B81D270830E0C,6636B00D7526353F6265774CC6959A,Juan
2017-08-01 07:44:56,8E792A8BEA4F1E3DCE65F956E2B3A7,BD3FB788FECE4277FEB7E95ADE8C18,Nils
2017-08-01 07:45:01,696FDE9A81AAADD0F84DDFB3A3324A,2FD3C0B63F4B548DD8DD7B6DF30203,Léane
2017-08-01 07:46:28,1E194064AA404139A0EA249BA9CE3D,6CAE10ED2F98E77E12F99BB7F34F9E,Zsigmond
2017-08-01 07:46:28,85667A0E862F87927D25F60933B73B,6CAE10ED2F98E77E12F99BB7F34F9E,Zsigmond
2017-08-01 07:46:28,414C684635A7D4D0954B8D64D6BC6F,6CAE10ED2F98E77E12F99BB7F34F9E,Zsigmond
2017-08-01 07:46:28,C62B1FD5529C9754AE07292225E244,6CAE10ED2F98E77E12F99BB7F34F9E,Zsigmond
2017-08-01 07:46:28,9346D21879EFD8A68B37EBCAF4308C,6CAE10ED2F98E77E12F99BB7F34F9E,Zsigmond
2017-08-01 07:47:35,E9E31EA88362D4CC01B8DCA27D91E5,127D72C0D0095A13FAC627154059EE,Dušan
2017-08-01 07:47:35,520EA69D3794B463EC553B79FDF850,127D72C0D0095A13FAC627154059EE,Dušan
2017-08-01 07:48:09,04E820C5099A6AFD5DD1C72A683423,B0BE0753B6F5728B841B99F2C38516,Octavian
2017-08-01 07:49:00,0BB745A0CB6D67F69232DD817537B8,D0C6189D8A62FAF2D9365D9733977F,Αχαιός
2017-08-01 07:51:01,CFFEC5978B0A4A05FA6DCEFB2C82CC,268045C1DDB279D56F9873FCC5D2AA,Marcu
2017-08-01 07:51:21,3F65093D88D493A3C4803BC6F35866,A69F9CC61E35A05A68DD5C19FE77EB,Ricardo
2017-08-01 07:52:00,F340F7BCD768E10A4D935D44BAC5EB,5EDD02FD5AFA7399C0F067D002FD4C,Επωπέας
2017-08-01 07:52:22,3F65093D88D493A3C4803BC6F35866,F62712701E7AF6588B69A44235A6FC,Binod
2017-08-01 07:52:56,A5C7951597609E2982344D66939AFF,04C4B42ECCF7B7E49DD603DA5EB3CD,许
2017-08-01 07:53:53,EAA437F416BD17185B53ECC1FC3C49,E82FE92926AF1B57441BEAD854CB05,Amanda
2017-08-01 07:53:53,3D798202B34122A77573FA4D56814D,E82FE92926AF1B57441BEAD854CB05,Amanda
2017-08-01 07:54:00,266658562ABF6DCA9F8791D223D029,39C97911E719F3330EF55A185662B5,Hacı
2017-08-01 07:54:56,C5F6178AF37CD86DF3B9D8CD811BAB,B2AC2F75A44F528FF4C540080B9DBC,Λεωνίδας
2017-08-01 07:54:56,DDBA7653545B1BB68658838A22BAA5,B2AC2F75A44F528FF4C540080B9DBC,Λεωνίδας
2017-08-01 07:55:11,5F2E8966A55FE2550E4F85C0C79BB4,FFA7854955E7A4E9257CE4F36AB382,Iosif
2017-08-01 07:55:11,202163D1253D93324866C3178163BA,FFA7854955E7A4E9257CE4F36AB382,Iosif
2017-08-01 07:55:35,7F6391266BEE41B272CED5A00C55FA,FD430078CB9453FC92706E91A275EE,Simona
2017-08-01 07:55:35,B7D3771569B9F8E17DCA59F48279C1,FD430078CB9453FC92706E91A275EE,Simona
2017-08-01 07:55:40,C55E9B64E58D9534E14F000BB91247,8F61BDAD35B142C1D8B958672E10AA,Ducu
2017-08-01 07:56:19,CD60261261E86D6777D64A16386B8B,DAD1CD0BA3F4B39BF9D96FF5F6FAED,Пламен
2017-08-01 07:56:19,526836615CAED684B6FEC65C6F6A53,DAD1CD0BA3F4B39BF9D96FF5F6FAED,Пламен
2017-08-01 07:56:19,C67E969E9B90A8008DFC1332FDA4EA,DAD1CD0BA3F4B39BF9D96FF5F6FAED,Пламен
2017-08-01 07:56:19,DDBA7653545B1BB68658838A22BAA5,DAD1CD0BA3F4B39BF9D96FF5F6FAED,Пламен
2017-08-01 07:56:19,4D1F8FAEB05B964BF278B4FFB917A9,DAD1CD0BA3F4B39BF9D96FF5F6FAED,Пламен
2017-08-01 07:56:19,355847728FD19228DFC1334DBCDE60,DAD1CD0BA3F4B39BF9D96FF5F6FAED,Пламен
2017-08-01 07:56:19,854CD981E11827C16586977B15A7B5,DAD1CD0BA3F4B39BF9D96FF5F6FAED,Пламен
2017-08-01 07:56:19,DEA0EE19B7E1DE9F8E52F1B407B334,DAD1CD0BA3F4B39BF9D96FF5F6FAED,Пламен
2017-08-01 07:56:47,C5F6178AF37CD86DF3B9D8CD811BAB,04C4B42ECCF7B7E49DD603DA5EB3CD,许
2017-08-01 07:56:47,5C6EA04134B68346303C2A4E16D39F,04C4B42ECCF7B7E49DD603DA5EB3CD,许
2017-08-01 07:56:47,104CADE3535C93C8173036E682A9CD,04C4B42ECCF7B7E49DD603DA5EB3CD,许
2017-08-01 07:56:47,4E5544D290F0A89FD2C1E417D185DF,04C4B42ECCF7B7E49DD603DA5EB3CD,许
2017-08-01 07:56:47,49916F749747BA45BD8DA53864092B,04C4B42ECCF7B7E49DD603DA5EB3CD,许
2017-08-01 07:57:40,A5C7951597609E2982344D66939AFF,04C4B42ECCF7B7E49DD603DA5EB3CD,许
2017-08-01 07:57:52,D8829191140B3B087BB83D078FE72E,205E7A3BB69B6B9AAA71311B3297B9,Tanács
2017-08-01 07:57:52,6633FC3F982FD0D699CAAF8C9C1094,205E7A3BB69B6B9AAA71311B3297B9,Tanács
2017-08-01 07:57:52,DDBA7653545B1BB68658838A22BAA5,205E7A3BB69B6B9AAA71311B3297B9,Tanács
2017-08-01 07:58:44,4BECC44DED96CAA079280194622301,4D30BC01D64A99F716820B4F188920,Samantha
2017-08-01 07:59:50,5BF5904CC6AA401A656EC24C664D4E,6D0BF632D7A4BAABC0236F1D8A4BF2,Andreea
2017-08-01 07:59:50,EFFC81B392540D86E25AE61F3DD3F2,6D0BF632D7A4BAABC0236F1D8A4BF2,Andreea
2017-08-01 07:59:50,46AA4C9CF30BBE52C43B760957A030,6D0BF632D7A4BAABC0236F1D8A4BF2,Andreea
2017-08-01 07:59:50,19EC57557F9317B2A4C4B4CFBC422D,6D0BF632D7A4BAABC0236F1D8A4BF2,Andreea
2017-08-01 08:02:29,D4A72968D43A83A9E8E12FB53D106B,585180152BBCB03C9EE79C84DAEE89,Toby
2017-08-01 08:03:16,1660A19D697C3AD478D70B32EDCB60,5BB694BF1EC4EA83C9C2DD6C77FF3E,Aurica
2017-08-01 08:06:12,E1970CB8A1588D6E5B343F5771C78D,F037622225DF29C8542C833C1DF3F4,Adelina
2017-08-01 08:06:12,489D09D89E35CD74D8EC7D273787D0,F037622225DF29C8542C833C1DF3F4,Adelina
2017-08-01 08:06:12,36734F976F5765DB3F72FA032DC8E1,F037622225DF29C8542C833C1DF3F4,Adelina
2017-08-01 08:06:12,83929593E5C7696841EC2C0A6DFCAD,F037622225DF29C8542C833C1DF3F4,Adelina
2017-08-01 08:07:01,A5C7951597609E2982344D66939AFF,221C6B22CF80AC2C9859D83181DAB0,Luiza
2017-08-01 08:07:01,4BDB38D15536C2DD8A3D6AD8090E1C,221C6B22CF80AC2C9859D83181DAB0,Luiza
2017-08-01 08:07:01,70361E0637E204F384DBF438B97C90,221C6B22CF80AC2C9859D83181DAB0,Luiza
2017-08-01 08:08:03,0ED6EF3E861E83B70EB73485675E1D,6A9DEAD29D49D74FB5E8CA9E3DDAB3,Maricica
2017-08-01 08:09:04,DF6A386FE701217C2A12292DB8D142,E3792EAAC066EE0048DD0CE02991E6,Fabiola
2017-08-01 08:09:15,F67EE6DB3720DA5EF7C193DAF99121,F2EE8D1F74E1AFEF03F1ADB5B37DFD,Konštantín
2017-08-01 08:09:43,DDBA7653545B1BB68658838A22BAA5,B8FED5032DC839CE93FE4D701F5A76,Esperanza
2017-08-01 08:09:57,EFB83D2546A71A9841AD3B9113E18E,A2996F01369E5DB5537FF4E14DADD0,Basarab
2017-08-01 08:10:29,485513501B51036AA0CB041A7C9233,889F5DD223EDB91ED39E3872C4F102,Eremia
2017-08-01 08:10:29,1C9829F5C5AD32BF11C849F8F79C3B,889F5DD223EDB91ED39E3872C4F102,Eremia
2017-08-01 08:10:29,E73411B5D870E1D9DEE70DE910A67E,889F5DD223EDB91ED39E3872C4F102,Eremia
2017-08-01 08:10:29,8FEC9F7EB0C056624C61BD57EC1962,889F5DD223EDB91ED39E3872C4F102,Eremia
2017-08-01 08:11:13,391A4416FC0ADE8FD604B2F1A9BCCE,2382BECBD5735A228E78B02C707F08,Emília
2017-08-01 08:11:44,D81AF397AA3BB6BBE6E96866AB51CA,7D01C56A00C0F728180D0555FF3A2B,Βελλεροφόντης
2017-08-01 08:12:49,68F937C6D2C2B5B67A57687B7BDAD0,3AE85ABA9F8C492EB4F6DFB2FEF954,Noë
2017-08-01 08:12:49,070A59564ADC35807D8AE60418334A,3AE85ABA9F8C492EB4F6DFB2FEF954,Noë
2017-08-01 08:12:49,7EE4B77D9547F074B9E4B54E09691A,3AE85ABA9F8C492EB4F6DFB2FEF954,Noë
2017-08-01 08:13:10,B2DBAB5F44631288DA81B1823EDBD9,D58E43DED422E22BB0510E7CE51AB9,Laura
2017-08-01 08:13:10,18F97D1F6E348EE01612D330107EE8,D58E43DED422E22BB0510E7CE51AB9,Laura
2017-08-01 08:13:10,862117B54380DA17A6308803C46FC5,D58E43DED422E22BB0510E7CE51AB9,Laura
2017-08-01 08:13:32,E8AE84D421B7003803BFA03F79BBC1,EBEC77F8FE19045DF78A28811FCA55,Luna
2017-08-01 08:13:32,479D1139030C3E271F73922701C449,EBEC77F8FE19045DF78A28811FCA55,Luna
2017-08-01 08:16:53,9AD1F2A056953EBC28D748A8799DEF,FAD19697D15B3BA2A26B4E0BD74183,孙
2017-08-01 08:17:51,9C881A2EBC8F87B9B705FC5F876620,585180152BBCB03C9EE79C84DAEE89,Toby
2017-08-01 08:19:09,DDBA7653545B1BB68658838A22BAA5,B8FED5032DC839CE93FE4D701F5A76,Esperanza
2017-08-01 08:19:33,A9803AD3AE776B9EF46F141A885961,A10803CD4DBD0B33EEFE970FD69EA6,Fabiana
2017-08-01 08:19:55,C8F6D6CAFD170AEFFDE8CB9D719C4D,81FEE7BC67B545D41BC531341A8C34,Aurica
2017-08-01 08:20:20,E9E31EA88362D4CC01B8DCA27D91E5,9BB1F5ABE8371970E27DC1EE2FB842,Ελισσώνας
2017-08-01 08:20:58,541DC97407F8E9C9BD9DD0F7518336,5217C3D3724A95AB94425DC81D3E37,Agustín
2017-08-01 08:20:58,5F0FCDB95DB4928B1D11DB5DD94961,5217C3D3724A95AB94425DC81D3E37,Agustín
2017-08-01 08:20:58,4B0B95015D902072B48BDE6C0A842F,5217C3D3724A95AB94425DC81D3E37,Agustín
2017-08-01 08:20:58,783F1736F995CBF03DBBAF7C60C834,5217C3D3724A95AB94425DC81D3E37,Agustín
2017-08-01 08:21:11,242595EBD98A75A767EAA4B58DBD62,CD6C949591F9DCDA2778C30FA1F010,Εύδοξος
2017-08-01 08:21:28,E73411B5D870E1D9DEE70DE910A67E,3A3D36734DC8EF60C61D0B3F3ABCDE,Debra
2017-08-01 08:21:54,A080851FC31AC3A0CB55D4D54E980D,5A382FDCB5F408DDFF79C5CCF3957D,Adi
2017-08-01 08:22:33,DA47ECA1AD02C7BA45090AE5CACBCB,5DA4C9949DB33544793DFBA9FE6E27,Thomas
2017-08-01 08:22:33,C7FF0958737C7721B1A5EDF270BAED,5DA4C9949DB33544793DFBA9FE6E27,Thomas
2017-08-01 08:22:33,E6492D95E3AE7D4FA309B4813C5C59,5DA4C9949DB33544793DFBA9FE6E27,Thomas
2017-08-01 08:22:33,743623AA649FD447A8E4B8324B3514,5DA4C9949DB33544793DFBA9FE6E27,Thomas
2017-08-01 08:22:33,9AA83767C975966F453286AA6895AE,5DA4C9949DB33544793DFBA9FE6E27,Thomas
2017-08-01 08:22:33,D33D54EC977D513157EA42A79CAE2F,5DA4C9949DB33544793DFBA9FE6E27,Thomas
2017-08-01 08:22:33,F62712701E7AF6588B69A44235A6FC,5DA4C9949DB33544793DFBA9FE6E27,Thomas
2017-08-01 08:22:33,83DFDD99F516960B2BACB1B8E95FCF,5DA4C9949DB33544793DFBA9FE6E27,Thomas
2017-08-01 08:22:33,EC8BEB97FC2FFBBD3CBED29C6BAC4E,5DA4C9949DB33544793DFBA9FE6E27,Thomas
2017-08-01 08:24:24,15B22E9ACB4ABCEB03493E57872C92,F71424E8664CC076AD24CF9CDAD084,Bruna
2017-08-01 08:24:28,A0DF59EF1687760190904EFD3C1D9A,13BB96FC658D76F6EAE1C685A6BDF6,Bruna
2017-08-01 08:24:37,A81C9890FC206B29367439511BA5FA,354E31ECC207F5FA2FB791447D3D7C,Liana
2017-08-01 08:24:37,0C7C7FF024F047D4AF4188A7888440,354E31ECC207F5FA2FB791447D3D7C,Liana
2017-08-01 08:24:37,266C5C5239255DF65ECFFDCEAF7048,354E31ECC207F5FA2FB791447D3D7C,Liana
2017-08-01 08:26:09,46C282CACADE8A3D896C9B09CAB294,A6EA91B82A5096586AFE9F9CDA49DE,许
2017-08-01 08:28:15,33CEED358AB80B42548DB0612166E7,C6DD04997DFB3CE97DC2BA4E01F268,Billy
2017-08-01 08:29:07,9AB43D430EF8C4443FB8698EFD5092,992D3A4DA74C02336795B153456B98,Michiel
2017-08-01 08:30:36,37BBA9478876377333AD37A04C1640,B57B8D78B46C77A03CD68CCD803218,Dorinel
2017-08-01 08:30:47,0773740F472F620387F75F3B5608E4,3E7F5AD2F7F21E4EE1117F17D846AA,Veisz
2017-08-01 08:30:54,DDBA7653545B1BB68658838A22BAA5,74C09338D7CA031859AE26A1586692,Toomas
2017-08-01 08:31:18,BE40A47859DFAF29D75DA2CE519505,D94B08F25529EDCEFC032EBB63AA8A,Kornel
2017-08-01 08:32:31,DDBA7653545B1BB68658838A22BAA5,74C09338D7CA031859AE26A1586692,Toomas
2017-08-01 08:33:46,266658562ABF6DCA9F8791D223D029,39C97911E719F3330EF55A185662B5,Hacı
2017-08-01 08:33:48,EF47D47934C112E7D71A400159BBB8,7FD82E5729EFAADDB382F5448EE223,Krištof
2017-08-01 08:33:48,E493A89FD9AFBFCEA3B7084BE99C7B,7FD82E5729EFAADDB382F5448EE223,Krištof
2017-08-01 08:33:48,18F97D1F6E348EE01612D330107EE8,7FD82E5729EFAADDB382F5448EE223,Krištof
2017-08-01 08:33:48,07410CBB299F9A391F17F0A6E23E1D,7FD82E5729EFAADDB382F5448EE223,Krištof
2017-08-01 08:33:48,D3A0D3DCBF6A5876DD3CF6F83BBCA3,7FD82E5729EFAADDB382F5448EE223,Krištof
2017-08-01 08:33:48,266C5C5239255DF65ECFFDCEAF7048,7FD82E5729EFAADDB382F5448EE223,Krištof
2017-08-01 08:33:48,BAA2B943D6B946AED71EF89C8945F4,7FD82E5729EFAADDB382F5448EE223,Krištof
2017-08-01 08:33:48,8BE756DA847C0FCAFA78DED0322461,7FD82E5729EFAADDB382F5448EE223,Krištof
2017-08-01 08:33:48,CE85FDF0DDB25BADFA67C0832922C7,7FD82E5729EFAADDB382F5448EE223,Krištof
2017-08-01 08:34:21,EB378FCD0141F3E8BBC80F16B8C1DA,5CCC14C1ADEA388348DF151CF63931,Vasilică
2017-08-01 08:34:21,9D62F780505256A2CBC83C05410EB3,5CCC14C1ADEA388348DF151CF63931,Vasilică
2017-08-01 08:35:31,F9584A5DB128BADF6DF5D5617966CB,C7EC60694F2AA2461F72AF69EEBC07,Rabindra
2017-08-01 08:35:32,DDBA7653545B1BB68658838A22BAA5,B8FED5032DC839CE93FE4D701F5A76,Esperanza
2017-08-01 08:35:41,06FFA0F4805A20013C8019A61BBE54,E2ABC9F3F12FD15B4A91985CA8A3DE,Bishnu
2017-08-01 08:36:12,8EB315CEBEE02A5E31D25D792F9A4D,0949F1CC05D23693F04060F1EF3F2F,Helene
2017-08-01 08:36:42,F5704DF0F262C8B808348B3ED430C1,9BAD4A3C2698B9CE1820DCF9DE0C73,Αρχίδαμος
2017-08-01 08:37:59,1D1737DC18821B2D8BAEF5D1932A16,9BD8A94FE9DE0AAE8D20ED58E81076,Κίμων
2017-08-01 08:38:00,CFFEC5978B0A4A05FA6DCEFB2C82CC,57AA5706AD9E5D051463DCEA8FD9BF,Blanduzia
2017-08-01 08:38:19,99D65E1D986097758E4F8C924CB3BA,C45D2671D937365F1FFBECA511AE32,Angelina
2017-08-01 08:40:27,6C48B1CF492F01FC700CCC1CF6D5B6,3D8FD4291AD9A32FDF068B60725F71,Serhan
2017-08-01 08:41:39,BD7EA7B8C50B7CC44B042BBA39952F,F7010088BBD3DA0777C1E3F93419E9,Mircea
2017-08-01 08:41:39,C83E68409CD931E94427802C378FB5,F7010088BBD3DA0777C1E3F93419E9,Mircea
2017-08-01 08:41:45,C7DDFA2EB4B2FA79157CAEAFD60929,4BDF3A7F8E384C405942D319B439FA,Jenel
2017-08-01 08:41:45,9E670CA0D68CDC1A0785B2A25CE688,4BDF3A7F8E384C405942D319B439FA,Jenel
2017-08-01 08:43:05,45E33C1E0578F81CFDAAF7FA06D184,5F6A0CBEA0EB3994A86EEC72781E69,Mélanie
2017-08-01 08:43:05,27F9B88448D665EC9E7B2ADF122A44,5F6A0CBEA0EB3994A86EEC72781E69,Mélanie
2017-08-01 08:43:05,47B0F0C144FCE79B1380163F174DF3,5F6A0CBEA0EB3994A86EEC72781E69,Mélanie
2017-08-01 08:43:05,CFFEC5978B0A4A05FA6DCEFB2C82CC,47015497B27243C1F0AC6925CC9881,史
2017-08-01 08:43:08,293D64FB231141A9CF7FA91AF973DA,D5EC41FE6F525F17AF552DD3D0D1A9,Amanda
2017-08-01 08:44:37,A5C7951597609E2982344D66939AFF,AB026CC9D00437F9605247C5EE93BB,Olivia
2017-08-01 08:44:37,67CB952C59AF26CC1ED944BCA2E57E,AB026CC9D00437F9605247C5EE93BB,Olivia
2017-08-01 08:44:37,520EA69D3794B463EC553B79FDF850,AB026CC9D00437F9605247C5EE93BB,Olivia
2017-08-01 08:44:37,349F293BA3435B7BC6AD35BF8396C6,AB026CC9D00437F9605247C5EE93BB,Olivia
2017-08-01 08:44:37,57B71DF65D4EC34A8A017EA61087B5,AB026CC9D00437F9605247C5EE93BB,Olivia
2017-08-01 08:44:37,8473CCCE79294CB494D1B42E2B1BAA,AB026CC9D00437F9605247C5EE93BB,Olivia
2017-08-01 08:44:37,46C00A5043E83EC2896422561B9BFE,AB026CC9D00437F9605247C5EE93BB,Olivia
2017-08-01 08:44:37,C5F6178AF37CD86DF3B9D8CD811BAB,AB026CC9D00437F9605247C5EE93BB,Olivia
2017-08-01 08:44:37,B8B4B146D99BC21D262208D286DB51,AB026CC9D00437F9605247C5EE93BB,Olivia
2017-08-01 08:44:37,D0B5863B3B6BB13755B8BC0FB997AA,AB026CC9D00437F9605247C5EE93BB,Olivia
2017-08-01 08:44:37,E72AB0CE8FE5C655EB7D1E192D4064,AB026CC9D00437F9605247C5EE93BB,Olivia
2017-08-01 08:44:37,DF6A386FE701217C2A12292DB8D142,AB026CC9D00437F9605247C5EE93BB,Olivia
2017-08-01 08:44:37,743623AA649FD447A8E4B8324B3514,AB026CC9D00437F9605247C5EE93BB,Olivia
2017-08-01 08:44:37,4DC8E67EDCD66FE6C1FFCB0B9EE2D5,AB026CC9D00437F9605247C5EE93BB,Olivia
2017-08-01 08:44:37,576912EAFF55B8C0B562EF54EC8415,AB026CC9D00437F9605247C5EE93BB,Olivia
2017-08-01 08:44:37,FC8CF741B69C47940E6D0E6E5D1366,AB026CC9D00437F9605247C5EE93BB,Olivia
2017-08-01 08:44:37,716E1EA5A642E749BD54B09577FBA7,AB026CC9D00437F9605247C5EE93BB,Olivia
2017-08-01 08:44:37,4E6296831B1C923435A3B21FDAC668,AB026CC9D00437F9605247C5EE93BB,Olivia
2017-08-01 08:44:37,18F97D1F6E348EE01612D330107EE8,AB026CC9D00437F9605247C5EE93BB,Olivia
2017-08-01 08:44:37,B13AB17E225370817668F2B3B24FAA,AB026CC9D00437F9605247C5EE93BB,Olivia
2017-08-01 08:44:37,7154B79637F084608CFD76D7898C0A,AB026CC9D00437F9605247C5EE93BB,Olivia
2017-08-01 08:44:37,5639888B8037168655A509AD665844,AB026CC9D00437F9605247C5EE93BB,Olivia
2017-08-01 08:44:37,6D505C872BE942BBF7EE89231BE7FC,AB026CC9D00437F9605247C5EE93BB,Olivia
2017-08-01 08:44:37,9BA00E3D16CC44FFE894916B6CBC81,AB026CC9D00437F9605247C5EE93BB,Olivia
2017-08-01 08:44:37,DA47ECA1AD02C7BA45090AE5CACBCB,AB026CC9D00437F9605247C5EE93BB,Olivia
2017-08-01 08:44:50,362023AD8B4CF50B8780B9B8A89D4A,FCFD7A4BBFA0DED8F4E04BE0D10C19,მაია
2017-08-01 08:44:50,66A37331CDEFF2BE285B7F2A280A78,FCFD7A4BBFA0DED8F4E04BE0D10C19,მაია
2017-08-01 08:44:50,59CB5DE78F9EC1421F6B461B347A8C,FCFD7A4BBFA0DED8F4E04BE0D10C19,მაია
2017-08-01 08:44:50,8B70787F30AAD4FFABFAD8F73B10AD,FCFD7A4BBFA0DED8F4E04BE0D10C19,მაია
2017-08-01 08:44:50,F3EB4649B997680A6A19077AF11027,FCFD7A4BBFA0DED8F4E04BE0D10C19,მაია
2017-08-01 08:46:04,F83ADCF57B53170720BB9AADAD60A5,FDF182B9F63A1F87112517ED8BB67C,OwenLeo
2017-08-01 08:46:13,34BEA7E110E1C254F6C15301C798E6,898A37E13F308EC032CC018DD3CAD2,Mélanie
2017-08-01 08:46:56,2C91E2F89DCC7EF6E02B0CCD982616,421D12F3F8E19173F8E5DC894734DA,Bali
2017-08-01 08:46:57,45184689F99CE8259F9F3C952EF671,7FFC154ECFD3C159FDE9E4F0CA7E04,Noë
2017-08-01 08:47:34,E9E31EA88362D4CC01B8DCA27D91E5,12DFC909DCEA62568D54C31B771DE0,Καλλίμαχος
2017-08-01 08:47:34,AF83183431C683EEF702BA172FFE13,12DFC909DCEA62568D54C31B771DE0,Καλλίμαχος
2017-08-01 08:47:36,F515BA9C253BE32C30C6BF89984567,AE488D3C8F019704450E89A20FE63B,Δάμασος
2017-08-01 08:48:09,A64C26B02FD125AABE5D659376DBE3,5D994C8ECDCD1E63C0891920372DD4,John
2017-08-01 08:48:36,18F97D1F6E348EE01612D330107EE8,6E4E8EB5143ADC8019F684E62132CE,Manon
2017-08-01 08:48:36,DD496E961966CA864687B35494E146,6E4E8EB5143ADC8019F684E62132CE,Manon
2017-08-01 08:48:36,46AC31D134C03F6021F5E4E32EB638,6E4E8EB5143ADC8019F684E62132CE,Manon
2017-08-01 08:48:36,29F3B8FB29202AC86C178BCC46D375,6E4E8EB5143ADC8019F684E62132CE,Manon
2017-08-01 08:48:42,B5F1344316676FC60F0140395BDA9F,01C0AD6DDE8E94A5005525D7E69000,山下
2017-08-01 08:48:42,ADF6E638C8E8946735746321DE4B02,01C0AD6DDE8E94A5005525D7E69000,山下
2017-08-01 08:49:14,8473CCCE79294CB494D1B42E2B1BAA,E0A86D5E6909EF85D22FF6ED7BF865,Maia
2017-08-01 08:50:28,541DC97407F8E9C9BD9DD0F7518336,5217C3D3724A95AB94425DC81D3E37,Agustín
2017-08-01 08:50:28,5F0FCDB95DB4928B1D11DB5DD94961,5217C3D3724A95AB94425DC81D3E37,Agustín
2017-08-01 08:50:28,4B0B95015D902072B48BDE6C0A842F,5217C3D3724A95AB94425DC81D3E37,Agustín
2017-08-01 08:50:28,783F1736F995CBF03DBBAF7C60C834,5217C3D3724A95AB94425DC81D3E37,Agustín
2017-08-01 08:50:43,986070AB0A91216BAAF4CCDC191205,3CACCA9483F48EAACB1875BC910924,Αρχίδαμος
2017-08-01 08:51:44,605F54CB54AFE4E7DE05733830FB76,616F34C254DECF11F8616CA5E2B542,Bakos
2017-08-01 08:52:08,691274CF026AA44845DF56B243D628,90E1707986E26375BC42E55EB43D41,Μέντωρ
2017-08-01 08:52:58,1B7D3B40B5642A3A66915A2F5F5FE2,AEC159723BAA5784EAE92ED8BC11D2,Helene
2017-08-01 08:53:34,3F65093D88D493A3C4803BC6F35866,E022BC28FCA498696625310174FBA1,孟
2017-08-01 08:56:14,0D5D9F9FEF878D3D78655323E98B46,E06036EBB4CEE26A26DA27B8FF6D57,Krištof
2017-08-01 08:56:14,E3AA3A56E9D13DD48C94C3D5EFE361,E06036EBB4CEE26A26DA27B8FF6D57,Krištof
2017-08-01 08:56:14,104CADE3535C93C8173036E682A9CD,E06036EBB4CEE26A26DA27B8FF6D57,Krištof
2017-08-01 08:56:14,3F3FE7CEB85DBC4C48F9C63E5E5A6A,E06036EBB4CEE26A26DA27B8FF6D57,Krištof
2017-08-01 08:56:14,DF6A386FE701217C2A12292DB8D142,E06036EBB4CEE26A26DA27B8FF6D57,Krištof
2017-08-01 08:56:14,7CC7D382F632C8EB7BECA6CE84CD40,E06036EBB4CEE26A26DA27B8FF6D57,Krištof
2017-08-01 08:57:35,9EF298475EE8F35451BE6A5A591134,85667A0E862F87927D25F60933B73B,Iosif
2017-08-01 08:57:35,414C684635A7D4D0954B8D64D6BC6F,85667A0E862F87927D25F60933B73B,Iosif
2017-08-01 08:58:55,2D27B024576463D9487020819BAEED,A228E175CB0F21C70F777BF564EBC8,Samuel
2017-08-01 09:00:44,AF45B0456665DA0FE4D6E1D054035B,04874CEEAAC99E43936331CA5F8B93,Δράκων
2017-08-01 09:01:01,13E204D0335BF10DD8323EB51FEC34,49AF505B7EACDB528B6E08456618CA,Anna
2017-08-01 09:01:15,748F18866093E376F5F6465C961528,6A2FAD4BFDBEF0081D443F0F208B2C,Hızır
2017-08-01 09:02:07,A5CDB8C87FFBDBD327BCB35575B69A,478124CFEE0B9FD202F0CE00769D46,Vasilică
2017-08-01 09:02:07,BEAD6693BBDA92645C6FD316E1D319,478124CFEE0B9FD202F0CE00769D46,Vasilică
2017-08-01 09:02:25,EC8BEB97FC2FFBBD3CBED29C6BAC4E,DDBA7653545B1BB68658838A22BAA5,Buse
2017-08-01 09:02:25,BB26AAB5EFAB1B5873AD7BA97AF7B3,DDBA7653545B1BB68658838A22BAA5,Buse
2017-08-01 09:02:25,3648F4AB42D7A8BA55314A39D48C21,DDBA7653545B1BB68658838A22BAA5,Buse
2017-08-01 09:02:25,0E070C8A8BE2215202B21E02761228,DDBA7653545B1BB68658838A22BAA5,Buse
2017-08-01 09:02:25,8473CCCE79294CB494D1B42E2B1BAA,DDBA7653545B1BB68658838A22BAA5,Buse
2017-08-01 09:02:25,C69E0349776A41A35F9929950CB2FD,DDBA7653545B1BB68658838A22BAA5,Buse
2017-08-01 09:02:25,C7FF0958737C7721B1A5EDF270BAED,DDBA7653545B1BB68658838A22BAA5,Buse
2017-08-01 09:02:25,A5C7951597609E2982344D66939AFF,DDBA7653545B1BB68658838A22BAA5,Buse
2017-08-01 09:02:25,7154B79637F084608CFD76D7898C0A,DDBA7653545B1BB68658838A22BAA5,Buse
2017-08-01 09:02:25,DAD1CD0BA3F4B39BF9D96FF5F6FAED,DDBA7653545B1BB68658838A22BAA5,Buse
2017-08-01 09:02:25,B8B4B146D99BC21D262208D286DB51,DDBA7653545B1BB68658838A22BAA5,Buse
2017-08-01 09:02:26,DD5DE666D02C12CE0C6DB0DBCD359B,C2994629D69843EA1930911E8F3308,Αριστοτέλης
2017-08-01 09:02:26,C88C33C2C09113FA674C1AAC56DD27,C2994629D69843EA1930911E8F3308,Αριστοτέλης
2017-08-01 09:02:41,391A4416FC0ADE8FD604B2F1A9BCCE,3D513E11638C57EC29152698579B98,Lujza
2017-08-01 09:02:42,541DC97407F8E9C9BD9DD0F7518336,5217C3D3724A95AB94425DC81D3E37,Agustín
2017-08-01 09:02:42,5F0FCDB95DB4928B1D11DB5DD94961,5217C3D3724A95AB94425DC81D3E37,Agustín
2017-08-01 09:02:42,4B0B95015D902072B48BDE6C0A842F,5217C3D3724A95AB94425DC81D3E37,Agustín
2017-08-01 09:02:42,783F1736F995CBF03DBBAF7C60C834,5217C3D3724A95AB94425DC81D3E37,Agustín
2017-08-01 09:03:15,E9E31EA88362D4CC01B8DCA27D91E5,9BB1F5ABE8371970E27DC1EE2FB842,Ελισσώνας
2017-08-01 09:03:31,34BEA7E110E1C254F6C15301C798E6,898A37E13F308EC032CC018DD3CAD2,Mélanie
2017-08-01 09:03:45,DEAD3873A035A4DBB31D848F44D803,7C4CA8E7FB08A6B0B8AA58F0E0E46E,Viorel
2017-08-01 09:04:12,742645531CF32F91FF5F88AE3EDFE3,A9BB6A7B50625DCE96B1182E9E51CA,Donald
2017-08-01 09:04:12,46AC31D134C03F6021F5E4E32EB638,A9BB6A7B50625DCE96B1182E9E51CA,Donald
2017-08-01 09:04:12,59FEAB53AAC3F0B98B16EA91CF565C,A9BB6A7B50625DCE96B1182E9E51CA,Donald
2017-08-01 09:04:12,D33B1983AC5F8D25ADDEEDFB50B1F4,A9BB6A7B50625DCE96B1182E9E51CA,Donald
2017-08-01 09:04:12,D782DE6249E2522604BA90B9595857,A9BB6A7B50625DCE96B1182E9E51CA,Donald
2017-08-01 09:04:12,98C940A7D08E276294CD757F8E77E0,A9BB6A7B50625DCE96B1182E9E51CA,Donald
2017-08-01 09:04:12,67CD82ADC67FFD0A21AE0D035D728F,A9BB6A7B50625DCE96B1182E9E51CA,Donald
2017-08-01 09:04:30,CFFEC5978B0A4A05FA6DCEFB2C82CC,57AA5706AD9E5D051463DCEA8FD9BF,Blanduzia
2017-08-01 09:04:37,E11787A4A6DF87BA0180F51E1ED1EB,E22B1C478AB1195E65550C49A50FA7,蒋
2017-08-01 09:05:17,EC8BEB97FC2FFBBD3CBED29C6BAC4E,DDBA7653545B1BB68658838A22BAA5,Buse
2017-08-01 09:05:17,BB26AAB5EFAB1B5873AD7BA97AF7B3,DDBA7653545B1BB68658838A22BAA5,Buse
2017-08-01 09:05:17,3648F4AB42D7A8BA55314A39D48C21,DDBA7653545B1BB68658838A22BAA5,Buse
2017-08-01 09:05:17,0E070C8A8BE2215202B21E02761228,DDBA7653545B1BB68658838A22BAA5,Buse
2017-08-01 09:05:17,8473CCCE79294CB494D1B42E2B1BAA,DDBA7653545B1BB68658838A22BAA5,Buse
2017-08-01 09:05:17,C69E0349776A41A35F9929950CB2FD,DDBA7653545B1BB68658838A22BAA5,Buse
2017-08-01 09:05:17,C7FF0958737C7721B1A5EDF270BAED,DDBA7653545B1BB68658838A22BAA5,Buse
2017-08-01 09:05:17,A5C7951597609E2982344D66939AFF,DDBA7653545B1BB68658838A22BAA5,Buse
2017-08-01 09:05:17,7154B79637F084608CFD76D7898C0A,DDBA7653545B1BB68658838A22BAA5,Buse
2017-08-01 09:05:17,DAD1CD0BA3F4B39BF9D96FF5F6FAED,DDBA7653545B1BB68658838A22BAA5,Buse
2017-08-01 09:05:17,B8B4B146D99BC21D262208D286DB51,DDBA7653545B1BB68658838A22BAA5,Buse
2017-08-01 09:05:48,CEF8BE6057B7605411503F1251AE42,526ACD73DD7E8DC7D770FEA4B37E38,Hacı
2017-08-01 09:07:18,F35E9D5E24CF2C025E4620CBA23DAC,B100A386F1F125E5BDB42D97465934,Samuel
2017-08-01 09:07:18,2FA9EF952CC795FA56456275EED602,B100A386F1F125E5BDB42D97465934,Samuel
2017-08-01 09:07:18,0F50E9B488B03BF9B5C012573442BB,B100A386F1F125E5BDB42D97465934,Samuel
2017-08-01 09:07:28,5639888B8037168655A509AD665844,13462DD15EC30DC805610AA302ABB3,Δράκων
2017-08-01 09:07:28,98C940A7D08E276294CD757F8E77E0,13462DD15EC30DC805610AA302ABB3,Δράκων
2017-08-01 09:07:53,DD13ECA73F4E05F25207B78BB8CED5,8A80C1CA163BE1D0674AB4AB20C601,Jennifer
2017-08-01 09:08:00,EAA6150D39F32FEA005EE86D3C8DEF,19E5BFD62EA05846EC2A3538CB2268,Επωπέας
2017-08-01 09:08:00,EF62937304E50981FBF969D72124F2,19E5BFD62EA05846EC2A3538CB2268,Επωπέας
2017-08-01 09:08:00,C46065CD045E2F2FA93B60793E28DD,19E5BFD62EA05846EC2A3538CB2268,Επωπέας
2017-08-01 09:08:11,BE94F0F844D8C5561E00A22B8600E7,BE94F0F844D8C5561E00A22B8600E7,Ghenadie
2017-08-01 09:08:16,7C87519CE024A0BD7482414DBDA07D,253C97E3D65D1A8FF48105F0A34EC4,Anežka
2017-08-01 09:08:55,DF6A386FE701217C2A12292DB8D142,87C488EE39A65E44093C19B20D119B,Lydia
2017-08-01 09:08:55,6BBB32FBDA76393BF4F66BC67A3353,87C488EE39A65E44093C19B20D119B,Lydia
2017-08-01 09:08:55,D62BFEC91928727E240304A62CD91F,87C488EE39A65E44093C19B20D119B,Lydia
2017-08-01 09:08:55,E73411B5D870E1D9DEE70DE910A67E,87C488EE39A65E44093C19B20D119B,Lydia
2017-08-01 09:08:55,DF0F3AA5DEF17D7A175D3FAD1937AE,87C488EE39A65E44093C19B20D119B,Lydia
2017-08-01 09:08:59,316678BFA3E853C474286AA655D7FA,DACE6D3C78D9B20B1F70A271BA98D5,Julie
2017-08-01 09:10:36,C5F6178AF37CD86DF3B9D8CD811BAB,4E7525FE9F71A0A42561E02832032A,Farooq
2017-08-01 09:10:36,DDBA7653545B1BB68658838A22BAA5,4E7525FE9F71A0A42561E02832032A,Farooq
2017-08-01 09:10:36,6E0E5CDE29A533786FDA4051BCC21E,4E7525FE9F71A0A42561E02832032A,Farooq
2017-08-01 09:11:10,BAD2FC4CBACC1142A454FBE1051701,E91FFB9F26702636F949F926E19FCB,Rana
2017-08-01 09:11:20,74FC4B1CD6D365496EB7E6FA83F33C,E2A10E3315AC28423FC117C42A85D4,سارینا
2017-08-01 09:11:56,6A2FAD4BFDBEF0081D443F0F208B2C,28C20E4227D2932DCDF76075DD0CC9,Сергей
2017-08-01 09:12:01,E8AE84D421B7003803BFA03F79BBC1,7D80B29A5B323F27B226E4EE8C04DA,İlqar
2017-08-01 09:12:16,085180A225F89B9123EC8F6422ADDF,5FF7D84E7FF75B5778822EA5A4C278,Samuel
2017-08-01 09:12:16,D4805E498246A17857B3A7C290BBA6,5FF7D84E7FF75B5778822EA5A4C278,Samuel
2017-08-01 09:13:06,C4B42168C0E5478D830550BEAC934D,5A406EBCD0D8E14633CB4360D1A797,Stef
2017-08-01 09:13:43,7154B79637F084608CFD76D7898C0A,E1A87B9D1F51A076EE70D5949DF14B,Dylan
2017-08-01 09:13:43,4DC44A952D5C2DBB191E2B3D497062,E1A87B9D1F51A076EE70D5949DF14B,Dylan
2017-08-01 09:17:20,37BBA9478876377333AD37A04C1640,487413499BA2A2D3155361A3645941,Helene
2017-08-01 09:17:49,F571EDB3771EE85FE0B3B157CE03E0,5178B47379AAA43B7D3AB57B960657,许
2017-08-01 09:18:08,A5C7951597609E2982344D66939AFF,57AA5706AD9E5D051463DCEA8FD9BF,Blanduzia
2017-08-01 09:18:41,2748A547A041F3F9725D9679B1B27E,09ACD315CBC8FD4391AB22BFAA0389,Alejandra
2017-08-01 09:18:41,FF58922367A6C55315DF097E06C1D7,09ACD315CBC8FD4391AB22BFAA0389,Alejandra
2017-08-01 09:18:46,E8464611C0E2EAEEC81DFEE2D09A58,0B4150204178F0EFB3F88E77B2380C,Nataša
2017-08-01 09:18:46,C1E8B8A4CA54A3F52AD2E5BBC59326,0B4150204178F0EFB3F88E77B2380C,Nataša
2017-08-01 09:20:10,EC8BEB97FC2FFBBD3CBED29C6BAC4E,DDBA7653545B1BB68658838A22BAA5,Buse
2017-08-01 09:20:10,BB26AAB5EFAB1B5873AD7BA97AF7B3,DDBA7653545B1BB68658838A22BAA5,Buse
2017-08-01 09:20:10,3648F4AB42D7A8BA55314A39D48C21,DDBA7653545B1BB68658838A22BAA5,Buse
2017-08-01 09:20:10,0E070C8A8BE2215202B21E02761228,DDBA7653545B1BB68658838A22BAA5,Buse
2017-08-01 09:20:10,8473CCCE79294CB494D1B42E2B1BAA,DDBA7653545B1BB68658838A22BAA5,Buse
2017-08-01 09:20:10,C69E0349776A41A35F9929950CB2FD,DDBA7653545B1BB68658838A22BAA5,Buse
2017-08-01 09:20:10,C7FF0958737C7721B1A5EDF270BAED,DDBA7653545B1BB68658838A22BAA5,Buse
2017-08-01 09:20:10,A5C7951597609E2982344D66939AFF,DDBA7653545B1BB68658838A22BAA5,Buse
2017-08-01 09:20:10,7154B79637F084608CFD76D7898C0A,DDBA7653545B1BB68658838A22BAA5,Buse
2017-08-01 09:20:10,DAD1CD0BA3F4B39BF9D96FF5F6FAED,DDBA7653545B1BB68658838A22BAA5,Buse
2017-08-01 09:20:10,B8B4B146D99BC21D262208D286DB51,DDBA7653545B1BB68658838A22BAA5,Buse
2017-08-01 09:21:06,DD2138F81C34A1080BED845B164A69,0F98AEC1735BF61C77E0E6121BEE36,Θεμιστοκλής
2017-08-01 09:21:07,50E7F28BBCBC112A6840BF6C9E4707,7D10E802BC26947B44585D6E555410,Jankó
2017-08-01 09:21:49,DDBA7653545B1BB68658838A22BAA5,74C09338D7CA031859AE26A1586692,Toomas
2017-08-01 09:21:52,3CA5073A0A8FBF1C5ECDC645F8CB21,077700BEE662B077FF83D98E44F5F3,Nicolaie
2017-08-01 09:22:16,E3DF345E7E66CBA3105FF0EACE461E,E20CECA44123EBBF2B9433C13AC061,Μεταγένης
2017-08-01 09:22:16,25636EC9767460F181A3F69D6F9EDE,E20CECA44123EBBF2B9433C13AC061,Μεταγένης
2017-08-01 09:22:29,1660A19D697C3AD478D70B32EDCB60,673207FD3F08A192C7C0897295DB0B,Aaron
2017-08-01 09:22:33,3F3FE7CEB85DBC4C48F9C63E5E5A6A,13329BFC3A9D480263C47FE3CD552A,Donald
2017-08-01 09:22:44,A228B702C32309BDA70EC6E93C8D55,E95CC9BE06D1E15445F15BFC13F688,Dylan
2017-08-01 09:23:21,316678BFA3E853C474286AA655D7FA,DACE6D3C78D9B20B1F70A271BA98D5,Julie
2017-08-01 09:24:26,922851B36946E5503FA330EB7955FA,7A05EDEB453841CA2367255B1285BA,Sara
2017-08-01 09:24:31,349F293BA3435B7BC6AD35BF8396C6,6698EF7C620DA922A7A37CF522883E,Ismael
2017-08-01 09:24:31,358D2399D862694FD9A1A7AAC508FE,6698EF7C620DA922A7A37CF522883E,Ismael
2017-08-01 09:24:31,E9E31EA88362D4CC01B8DCA27D91E5,6698EF7C620DA922A7A37CF522883E,Ismael
2017-08-01 09:24:31,520EA69D3794B463EC553B79FDF850,6698EF7C620DA922A7A37CF522883E,Ismael
2017-08-01 09:24:31,1861F111DE4167D805AAA260E2D908,6698EF7C620DA922A7A37CF522883E,Ismael
2017-08-01 09:24:31,C5F6178AF37CD86DF3B9D8CD811BAB,6698EF7C620DA922A7A37CF522883E,Ismael
2017-08-01 09:24:31,DF6A386FE701217C2A12292DB8D142,6698EF7C620DA922A7A37CF522883E,Ismael
2017-08-01 09:24:31,1F1DB6E3F65CA32FD5083B153BB35F,6698EF7C620DA922A7A37CF522883E,Ismael
2017-08-01 09:24:31,16C1FC5B1A917BF44DE8053CFE0D6A,6698EF7C620DA922A7A37CF522883E,Ismael
2017-08-01 09:24:31,139A7DCB70C6667B3DD27EEF0249CE,6698EF7C620DA922A7A37CF522883E,Ismael
2017-08-01 09:24:31,A4256B37FCADED55A3CA435B74257D,6698EF7C620DA922A7A37CF522883E,Ismael
2017-08-01 09:24:31,61BBBC90412FE922C831F9C34C81B6,6698EF7C620DA922A7A37CF522883E,Ismael
2017-08-01 09:24:31,E623CF8EF33A005C7F29EF49499BFE,6698EF7C620DA922A7A37CF522883E,Ismael
2017-08-01 09:24:31,DDBA7653545B1BB68658838A22BAA5,6698EF7C620DA922A7A37CF522883E,Ismael
2017-08-01 09:24:31,88529C0E2D76121681F3B5ED5B7C3F,6698EF7C620DA922A7A37CF522883E,Ismael
2017-08-01 09:24:31,3C0AA2F71D4BBFD3D115C6E760A0B8,6698EF7C620DA922A7A37CF522883E,Ismael
2017-08-01 09:24:31,278150DBD2BCE1C6F87FDE7B9F692A,6698EF7C620DA922A7A37CF522883E,Ismael
2017-08-01 09:24:31,93525843DE010A28032AFD94B6A0AF,6698EF7C620DA922A7A37CF522883E,Ismael
2017-08-01 09:24:31,3B8EC03FBF83CD12F04A49F506D788,6698EF7C620DA922A7A37CF522883E,Ismael
2017-08-01 09:24:31,2D47F4FAFF0283B2C764BD7361430A,6698EF7C620DA922A7A37CF522883E,Ismael
2017-08-01 09:24:48,B7A697BF5E4A53D67F4A487D41D460,2E5FA4296B45394541FD6E5C30A810,Denis
2017-08-01 09:24:48,7C1ABCB6E785B0EA7699C83BF07CD3,2E5FA4296B45394541FD6E5C30A810,Denis
2017-08-01 09:24:48,4EA7E2CCCC5132E6EA7DA9DAFB80AE,2E5FA4296B45394541FD6E5C30A810,Denis
2017-08-01 09:24:50,8011E06671C7F4855DE555D7B07BF5,72C688FB41B4EDE06DBC790020FBE7,Victoria
2017-08-01 09:25:08,9CEC8512DFEC9D246DA95A9448018D,F51E2041EC62601C8C7383C0C0793B,Jessica
2017-08-01 09:25:39,541DC97407F8E9C9BD9DD0F7518336,5217C3D3724A95AB94425DC81D3E37,Agustín
2017-08-01 09:25:39,5F0FCDB95DB4928B1D11DB5DD94961,5217C3D3724A95AB94425DC81D3E37,Agustín
2017-08-01 09:25:39,4B0B95015D902072B48BDE6C0A842F,5217C3D3724A95AB94425DC81D3E37,Agustín
2017-08-01 09:25:39,783F1736F995CBF03DBBAF7C60C834,5217C3D3724A95AB94425DC81D3E37,Agustín
2017-08-01 09:26:56,27BAAF962B0BFF9E4108C4D1DF106C,2C997E4AB11B5DCED4BDD7C20D986C,Manuela
2017-08-01 09:27:32,18F97D1F6E348EE01612D330107EE8,5B3D7908791926761DB7F21C8567C1,Liisa
2017-08-01 09:27:32,BBC47FBC0733B12DAC608C394700B4,5B3D7908791926761DB7F21C8567C1,Liisa
2017-08-01 09:27:32,A43064C9661D4DB40EA360A56D6EF7,5B3D7908791926761DB7F21C8567C1,Liisa
2017-08-01 09:27:36,6F566E2CD644F0AF72649ED35615EF,197253FEC8E8E497257F9003B49E51,Domingo
2017-08-01 09:27:40,316678BFA3E853C474286AA655D7FA,DACE6D3C78D9B20B1F70A271BA98D5,Julie
2017-08-01 09:27:43,71BFEE8B4D5E6CAEBA6FE1BC972907,7558A35996954B7B989ED76E57FEA8,Bebe
2017-08-01 09:27:44,9378E4BAD9C0D653299A6081072A23,02770BEB5493D9F0356B5D847F76CB,Georgian
2017-08-01 09:28:12,D8056B0213F38D41EC8E4BF38361DF,D8056B0213F38D41EC8E4BF38361DF,Severin
2017-08-01 09:28:56,66AD04152719133AB39568B96FF344,97E2B1F0CE9F94C56A83B5F909FAA7,Makai
2017-08-01 09:28:56,D39E94966E267800147C05A5898A97,97E2B1F0CE9F94C56A83B5F909FAA7,Makai
2017-08-01 09:29:12,BBC47FBC0733B12DAC608C394700B4,2AFA1EE75851AB5F717FC4BF88CBA5,Jasmine Da
2017-08-01 09:31:09,0ED6EF3E861E83B70EB73485675E1D,A363C921E7693FAB501B5112F27B6D,Εύανδρος
2017-08-01 09:31:38,8473CCCE79294CB494D1B42E2B1BAA,93B2F2C5AD02B5E3C0791907A40219,Hilmi
2017-08-01 09:31:46,6E0E5CDE29A533786FDA4051BCC21E,D141F0B2D9F1BB972CFED6546A2572,Csontvári
2017-08-01 09:31:46,E4E9206CADCA7DA0E3A166AA6CCA42,D141F0B2D9F1BB972CFED6546A2572,Csontvári
2017-08-01 09:33:20,9D62F780505256A2CBC83C05410EB3,69F0D6BCA8872544BDF253EBDB3B65,Michiel
2017-08-01 09:35:09,B19756E18FA5C4FFD673213CA4EF0C,9800CBC9E9EF11AAF1BD5B96BED780,Lucențiu
2017-08-01 09:35:26,9D53B68C69025546AEC0FC3B74EFDA,CA25C5A781449AC7317DF95E4BB93A,Simona
2017-08-01 09:35:26,18F97D1F6E348EE01612D330107EE8,CA25C5A781449AC7317DF95E4BB93A,Simona
2017-08-01 09:35:26,59C349E1BEC103C6A4DEE9A6F5E9E8,CA25C5A781449AC7317DF95E4BB93A,Simona
2017-08-01 09:35:56,01EFD8ABF9D2591B526081B3595129,DEE174586FED20A2E717FF91E92DB9,Eremia
2017-08-01 09:36:01,EC8BEB97FC2FFBBD3CBED29C6BAC4E,DDBA7653545B1BB68658838A22BAA5,Buse
2017-08-01 09:36:01,BB26AAB5EFAB1B5873AD7BA97AF7B3,DDBA7653545B1BB68658838A22BAA5,Buse
2017-08-01 09:36:01,3648F4AB42D7A8BA55314A39D48C21,DDBA7653545B1BB68658838A22BAA5,Buse
2017-08-01 09:36:01,0E070C8A8BE2215202B21E02761228,DDBA7653545B1BB68658838A22BAA5,Buse
2017-08-01 09:36:01,8473CCCE79294CB494D1B42E2B1BAA,DDBA7653545B1BB68658838A22BAA5,Buse
2017-08-01 09:36:01,C69E0349776A41A35F9929950CB2FD,DDBA7653545B1BB68658838A22BAA5,Buse
2017-08-01 09:36:01,C7FF0958737C7721B1A5EDF270BAED,DDBA7653545B1BB68658838A22BAA5,Buse
2017-08-01 09:36:01,A5C7951597609E2982344D66939AFF,DDBA7653545B1BB68658838A22BAA5,Buse
2017-08-01 09:36:01,7154B79637F084608CFD76D7898C0A,DDBA7653545B1BB68658838A22BAA5,Buse
2017-08-01 09:36:01,DAD1CD0BA3F4B39BF9D96FF5F6FAED,DDBA7653545B1BB68658838A22BAA5,Buse
2017-08-01 09:36:01,B8B4B146D99BC21D262208D286DB51,DDBA7653545B1BB68658838A22BAA5,Buse
2017-08-01 09:37:15,3FCCDFE7A7796783CBAE938DA40A75,0E0F750ADDC6FDDA310AEBF232F7FE,Aakash
2017-08-01 09:38:23,D2F4E19454253B03F4FE875C743F54,3D191D951967AD203A32F02708F08C,Lorenzo
2017-08-01 09:38:42,66589314BFBF83B99CC66190CE7804,6109DAC8278197202F16A5F44E60CE,Büşra Yavuz
2017-08-01 09:39:32,1F75FC8416307B12FE1274B17BF458,BFAE9EC6D5BFD280AAC01769E8DEEE,Jessica
2017-08-01 09:41:27,DDBA7653545B1BB68658838A22BAA5,B8FED5032DC839CE93FE4D701F5A76,Esperanza
2017-08-01 09:41:31,F340F7BCD768E10A4D935D44BAC5EB,5EDD02FD5AFA7399C0F067D002FD4C,Επωπέας
2017-08-01 09:42:36,EDE69D8EFA7505AA0FE86E96CE0D01,06648B516D951DF46183F949EBD6AF,Dáša
2017-08-01 09:42:36,C0C1AE07F9EA4C6DB09C4DA726071F,06648B516D951DF46183F949EBD6AF,Dáša
2017-08-01 09:42:36,E9E31EA88362D4CC01B8DCA27D91E5,06648B516D951DF46183F949EBD6AF,Dáša
2017-08-01 09:42:36,AF2A162C077CC69544A2385A3CFD3E,06648B516D951DF46183F949EBD6AF,Dáša
2017-08-01 09:42:36,1052A8C59DCEB9ABF45A2D051D972B,06648B516D951DF46183F949EBD6AF,Dáša
2017-08-01 09:42:36,375A1EFA0488CA018FFE18C6BECDC7,06648B516D951DF46183F949EBD6AF,Dáša
2017-08-01 09:42:36,76F66EFF54374822539A712C608D40,06648B516D951DF46183F949EBD6AF,Dáša
2017-08-01 09:42:36,8ADB6E3245297F67CC7FF31BA443BB,06648B516D951DF46183F949EBD6AF,Dáša
2017-08-01 09:42:36,6531F34298FDC9AC45858426E4BF52,06648B516D951DF46183F949EBD6AF,Dáša
2017-08-01 09:42:36,6A42391266444FDC50014F1FA56C23,06648B516D951DF46183F949EBD6AF,Dáša
2017-08-01 09:42:36,E7BB2C1292461D50A580E1AB902289,06648B516D951DF46183F949EBD6AF,Dáša
2017-08-01 09:42:36,DDBA7653545B1BB68658838A22BAA5,06648B516D951DF46183F949EBD6AF,Dáša
2017-08-01 09:43:38,B967D1C529826F13C214B06AE6CB99,785FDC48848C9460165608593CD947,Charlie
2017-08-01 09:44:05,7EE4B77D9547F074B9E4B54E09691A,3AE85ABA9F8C492EB4F6DFB2FEF954,Noë
2017-08-01 09:44:14,9EFD115E7FB8A105F263E3EBC8D5E0,25AA03A7C61E19D262E9917767A461,Armando
2017-08-01 09:44:20,A2E08F5DCC8F362BB58810A7E4843A,9691356735EC3B048B4110B3661D65,Θεμιστοκλής
2017-08-01 09:45:33,3AE85ABA9F8C492EB4F6DFB2FEF954,070A59564ADC35807D8AE60418334A,Andrei
2017-08-01 09:45:49,37BBA9478876377333AD37A04C1640,24CB7C4A17A62324DDA8F817001323,Rahmi
2017-08-01 09:47:17,35F68778EDFE71BB7C29747B73F382,26E4F47235352ABE210F84B8D227D5,Nicușor
2017-08-01 09:47:29,0DE3E940003A47B11779E9D801B894,B70B8281796D6EA99CBDB5AFB56C96,Bruce
2017-08-01 09:48:25,6D3B41AA8A33C24175F3E48000A256,C6602689A425C2F4542E8770F6581C,Θρασύβουλος
2017-08-01 09:50:28,6CE46A96F7942D2FD3341EE1D46C2C,2779F12C34E5CE32A55F24183BE44D,Hegedűs
2017-08-01 09:51:04,AB6AAE022FCE825C1EBAD06796F309,0C80A08D8F3BA573823F92A9E3C23A,Raúl
2017-08-01 09:51:08,BBE761D322B033F10547AEC0450E60,8EE0287A03BC2255C5A14F8DDDCF05,أمل
2017-08-01 09:51:08,4258417BAD9485571B102D647A85D4,8EE0287A03BC2255C5A14F8DDDCF05,أمل
2017-08-01 09:51:18,3893E08776BA4E1FB6349592E3BBF3,673207FD3F08A192C7C0897295DB0B,Aaron
2017-08-01 09:51:32,CD0C0A1CAA72D82CA96FE141B01207,53DF44662CCE22F404C50662D81509,Krištof
2017-08-01 09:51:55,12F0E2062634AB391F720F3266D453,9B54281E69F0F8E7FD77EF9330F576,მაია
2017-08-01 09:52:38,37BBA9478876377333AD37A04C1640,487413499BA2A2D3155361A3645941,Helene
2017-08-01 09:52:44,C96416AAE3FA7A05E61EFC4910BC61,1ED88E85BA29372635DD4CF49DE7DB,Kornel
2017-08-01 09:53:12,94529216317AC87F14FE01CA474A28,B1DD11687AF37BDF40442B5EF755F3,Μάξιμος
2017-08-01 09:53:20,5BF5904CC6AA401A656EC24C664D4E,6D0BF632D7A4BAABC0236F1D8A4BF2,Andreea
2017-08-01 09:53:20,EFFC81B392540D86E25AE61F3DD3F2,6D0BF632D7A4BAABC0236F1D8A4BF2,Andreea
2017-08-01 09:53:20,46AA4C9CF30BBE52C43B760957A030,6D0BF632D7A4BAABC0236F1D8A4BF2,Andreea
2017-08-01 09:53:20,19EC57557F9317B2A4C4B4CFBC422D,6D0BF632D7A4BAABC0236F1D8A4BF2,Andreea
2017-08-01 09:53:22,520EA69D3794B463EC553B79FDF850,2A793B0DF6D253D271F00AD41B7858,Flavia
2017-08-01 09:53:32,C8F6D6CAFD170AEFFDE8CB9D719C4D,042AC04E8053D20D93A50F153EE6FF,Hannah
2017-08-01 09:53:51,5956B0E1669DEDBE3BCB5DFBA2FE4C,CD21607C647C203ED6345FF5B155EE,Urban
2017-08-01 09:54:13,1660A19D697C3AD478D70B32EDCB60,57AA5706AD9E5D051463DCEA8FD9BF,Blanduzia
2017-08-01 09:56:09,E9E31EA88362D4CC01B8DCA27D91E5,78F268EFDF906D301DD06F63F3C391,Farkas
2017-08-01 09:56:09,C5F6178AF37CD86DF3B9D8CD811BAB,78F268EFDF906D301DD06F63F3C391,Farkas
2017-08-01 09:56:19,C99ED11D330B4AEE9F50A083C86471,13D76A235EBC5A70CC518EDDAC8C58,Bali
2017-08-01 09:56:58,1660A19D697C3AD478D70B32EDCB60,D1A1FC608F8677B628BEB47CA4FE70,Profira
2017-08-01 09:58:31,EC8BEB97FC2FFBBD3CBED29C6BAC4E,DDBA7653545B1BB68658838A22BAA5,Buse
2017-08-01 09:58:31,BB26AAB5EFAB1B5873AD7BA97AF7B3,DDBA7653545B1BB68658838A22BAA5,Buse
2017-08-01 09:58:31,3648F4AB42D7A8BA55314A39D48C21,DDBA7653545B1BB68658838A22BAA5,Buse
2017-08-01 09:58:31,0E070C8A8BE2215202B21E02761228,DDBA7653545B1BB68658838A22BAA5,Buse
2017-08-01 09:58:31,8473CCCE79294CB494D1B42E2B1BAA,DDBA7653545B1BB68658838A22BAA5,Buse
2017-08-01 09:58:31,C69E0349776A41A35F9929950CB2FD,DDBA7653545B1BB68658838A22BAA5,Buse
2017-08-01 09:58:31,C7FF0958737C7721B1A5EDF270BAED,DDBA7653545B1BB68658838A22BAA5,Buse
2017-08-01 09:58:31,A5C7951597609E2982344D66939AFF,DDBA7653545B1BB68658838A22BAA5,Buse
2017-08-01 09:58:31,7154B79637F084608CFD76D7898C0A,DDBA7653545B1BB68658838A22BAA5,Buse
2017-08-01 09:58:31,DAD1CD0BA3F4B39BF9D96FF5F6FAED,DDBA7653545B1BB68658838A22BAA5,Buse
2017-08-01 09:58:31,B8B4B146D99BC21D262208D286DB51,DDBA7653545B1BB68658838A22BAA5,Buse
2017-08-01 09:58:59,CAD37EA5EA7DBD43598ED993E38706,9350BA6DE0C653BD96665A21DF9522,Domingo
2017-08-01 09:59:42,38B9D638E9633332637833C9C96DD3,5FC2E4B8FA608A3D3CF2F5BE758FD3,Magdaléna
2017-08-01 09:59:42,D2F4E19454253B03F4FE875C743F54,5FC2E4B8FA608A3D3CF2F5BE758FD3,Magdaléna
2017-08-01 09:59:42,ECA1986BBE3B42E6E0D2B7846C1322,5FC2E4B8FA608A3D3CF2F5BE758FD3,Magdaléna
2017-08-01 09:59:46,B6CDD6D5D18F4564C1AC944B00E514,140F974943B6E19AFF650908A4EF2D,Ethan
2017-08-01 09:59:49,DDBA7653545B1BB68658838A22BAA5,74C09338D7CA031859AE26A1586692,Toomas
2017-08-01 10:00:33,530A50BF17687EC40BC77EFAB2774E,4962DDB4F8B27EDB0CD58D21DEC984,Kate
2017-08-01 10:01:09,59A76712FB221A8A13BB55A2949169,02B7E06FF5458DB76191E018A6B92C,许
2017-08-01 10:01:53,0773740F472F620387F75F3B5608E4,3E7F5AD2F7F21E4EE1117F17D846AA,Veisz
2017-08-01 10:02:01,DD4406F95F02CB2A808D2085F66C8F,731CC1B0FF66AED6D4690FF1608B64,Bonifác
2017-08-01 10:02:59,391A4416FC0ADE8FD604B2F1A9BCCE,2382BECBD5735A228E78B02C707F08,Emília
2017-08-01 10:03:31,618605EB9DC86BDAAA0424504B2846,FB4D831C92805FBDEACCC879B7777B,Δαμιανός
2017-08-01 10:03:37,391A4416FC0ADE8FD604B2F1A9BCCE,96593EE816FB4CE2AEBA5B754CFA38,Λεωνίδας
2017-08-01 10:04:22,20D978A3939589739EB94256279746,F7B716C11D4793786B3AF3BBBDC3AF,Hà
2017-08-01 10:05:02,A2E08F5DCC8F362BB58810A7E4843A,9691356735EC3B048B4110B3661D65,Θεμιστοκλής
2017-08-01 10:05:03,46C00A5043E83EC2896422561B9BFE,93B2F2C5AD02B5E3C0791907A40219,Hilmi
2017-08-01 10:05:18,4A1D15E2AA941B314CE61AAE267770,8D4006A043D7D49EABB560052906A0,Luna
2017-08-01 10:05:37,316678BFA3E853C474286AA655D7FA,DACE6D3C78D9B20B1F70A271BA98D5,Julie
2017-08-01 10:05:42,316678BFA3E853C474286AA655D7FA,DACE6D3C78D9B20B1F70A271BA98D5,Julie
2017-08-01 10:05:42,12D2BB28566F98622018845EE6FF2F,80E977C1DD6FC3EA72325F7A68EF98,Ηριδανός
2017-08-01 10:07:21,9AA29D2DA309DB9D389A940DA27127,5D5A5F223C24C41E30192F6F5AE838,Bali
2017-08-01 10:08:26,B15AF06E9E8C39012BD2C7A2982956,0A9C833218D4D7EF0798397F5503E5,Farkas
2017-08-01 10:08:32,C02C0684342ABF632D8ADEC2466AC9,EAAFA941D18E05C3EAC054B9EAD389,Tulsi
2017-08-01 10:09:07,B6CDD6D5D18F4564C1AC944B00E514,140F974943B6E19AFF650908A4EF2D,Ethan
2017-08-01 10:10:02,6460F770C9C20321D1E26CB3B420B5,D6BCDCB292BFC6077DBFDF4841DC5A,Tulsi
2017-08-01 10:10:23,391A4416FC0ADE8FD604B2F1A9BCCE,2382BECBD5735A228E78B02C707F08,Emília
2017-08-01 10:10:53,F62712701E7AF6588B69A44235A6FC,4E74A39560F142EDA516E6E13296D5,孟
2017-08-01 10:11:27,7FED0BD54D25A97E88E41D6FC35FF6,79AD2B3868D2E6779775981975C2F7,Konštantín
2017-08-01 10:12:04,583098EEDC1CB16E4C5AC93EED56C8,B4463F8CA96ED9A8765469E0CADBB6,Michiel
2017-08-01 10:13:06,22F682022C607938E06C6703A6E872,1089E984F8EB7FB11C982C0914978F,Arthur
2017-08-01 10:15:33,829EB31EF2177B1840DB487C9A451D,334150E07D2D401084B63A27A5A495,Tiberiu
2017-08-01 10:18:30,48ADABF2A7F78DD03F451040D69529,7CCF5679878AFA4E5A0415594FC0DB,Marin
2017-08-01 10:21:27,391A4416FC0ADE8FD604B2F1A9BCCE,2382BECBD5735A228E78B02C707F08,Emília
2017-08-01 10:23:11,DDBA7653545B1BB68658838A22BAA5,74C09338D7CA031859AE26A1586692,Toomas
2017-08-01 10:23:12,6E0E5CDE29A533786FDA4051BCC21E,D141F0B2D9F1BB972CFED6546A2572,Csontvári
2017-08-01 10:23:12,E4E9206CADCA7DA0E3A166AA6CCA42,D141F0B2D9F1BB972CFED6546A2572,Csontvári
2017-08-01 10:24:11,DBBB0B048D7E21D8D942D23750D265,676EEAEF685378CF122ACE461286AF,Simona
2017-08-01 10:24:26,6C585A8D6E595D09A913F61C403339,E61663F595483E1B4A49491F04E133,Caroline De
2017-08-01 10:24:26,1E807F66955802B41DCDC85C671D46,E61663F595483E1B4A49491F04E133,Caroline De
2017-08-01 10:24:26,DDBA7653545B1BB68658838A22BAA5,DDBA7653545B1BB68658838A22BAA5,Buse
2017-08-01 10:24:33,52F2A24F20E04614D0F95FFB0DF5C5,73733035D6D8DF35A1F4062AE9BD1A,Bakos
2017-08-01 10:24:33,A0DE9E5ACBBEF1CEAB69BF06167F0C,73733035D6D8DF35A1F4062AE9BD1A,Bakos
2017-08-01 10:24:33,2BC2C87FBDCD8F49A5EC2F20EC0040,73733035D6D8DF35A1F4062AE9BD1A,Bakos
2017-08-01 10:24:36,5F090CC3E5BBF2662B00D5E4BE5B85,86EA181902B854055D5855F2DDF06A,Samuel
2017-08-01 10:24:36,076F769A2D2640DEF084CEC8EC4342,86EA181902B854055D5855F2DDF06A,Samuel
2017-08-01 10:26:36,6D703D12BBB621928702F95A1E8851,A2E5A4B7C738BF7C9626AC0E479CBD,Aakash
2017-08-01 10:27:11,4CE4F7CB8CF8CA5835BA0F9E4DD5A0,DFB1C94B820F5F31CD1649D26D8301,Ricardo
2017-08-01 10:27:20,291E3909DADE52027CB8B7B31E1158,651CB19CA93364A747443932B2BD33,Noë
2017-08-01 10:27:59,8D98E29B750E507E1B30378D87847B,E3723DBFFB740206D63C26182FF688,Δάμασος
2017-08-01 10:28:44,743623AA649FD447A8E4B8324B3514,93B2F2C5AD02B5E3C0791907A40219,Hilmi
2017-08-01 10:29:24,454A1752461F7D58EE79066FEF3E6A,26229A7F6D45A76A9518129FA03B6A,孟
2017-08-01 10:29:24,5F6A37FA4586A1CC048CD6798ECB2B,26229A7F6D45A76A9518129FA03B6A,孟
2017-08-01 10:30:11,3657B108F3A7D697610BAF03DA344A,98E15F48598181205F441DE6EC2998,سارینا
2017-08-01 10:30:11,CFFEC5978B0A4A05FA6DCEFB2C82CC,2382BECBD5735A228E78B02C707F08,Emília
2017-08-01 10:30:15,7DF0F546AC3C8DAFFFA0B0A3E049A8,4357D09031356A3825F0480C18A171,Laura
2017-08-01 10:30:33,26C66241203ECB64FAEB7D0D7B343A,A6905C64EACE059AD78CE10D4049F1,史
2017-08-01 10:31:27,1EA43F2881EF327F7ABE7ED69FC94C,EC5657B0196E83357CA822AC70A338,Veisz
2017-08-01 10:31:55,CFFEC5978B0A4A05FA6DCEFB2C82CC,57AA5706AD9E5D051463DCEA8FD9BF,Blanduzia
2017-08-01 10:33:24,A5C7951597609E2982344D66939AFF,792BEC84C34EDA8FD73F8A3A297710,Ujjwol
2017-08-01 10:34:37,158C440F571CBF29B97DE7CAA32CC9,45A2DE3CD116000157834C4AA31F71,Magdalena
2017-08-01 10:34:37,0EDCDE0A0BE207A00C58C6F89E7211,45A2DE3CD116000157834C4AA31F71,Magdalena
2017-08-01 10:34:37,7154B79637F084608CFD76D7898C0A,45A2DE3CD116000157834C4AA31F71,Magdalena
2017-08-01 10:34:41,A80EBFCB493F65BF9548FBA9B8ED38,653F99AC51A14FD72EC9FAFE4A44CC,Αριστοτέλης
2017-08-01 10:35:06,6E0E5CDE29A533786FDA4051BCC21E,71E4912898BD5DA38C28A17C1D0408,Ángela
2017-08-01 10:35:06,DF6A386FE701217C2A12292DB8D142,71E4912898BD5DA38C28A17C1D0408,Ángela
2017-08-01 10:35:06,F7F0420CE5EFF9B1152F8F10B1F31D,71E4912898BD5DA38C28A17C1D0408,Ángela
2017-08-01 10:35:06,E9AA96BFF9BCDBBCD9F6C06E30B2E6,71E4912898BD5DA38C28A17C1D0408,Ángela
2017-08-01 10:35:27,4C32A3C9B39F54F278D4DD1B6BFA93,126BAD140536B3D09D28F2819838BC,Amália
2017-08-01 10:36:35,27102F28FCF72A21EA7D851A9CCF03,6C33F59A675B8E2C72641D2F950D2C,Victoria
2017-08-01 10:36:35,8A8752D7C6884F4473C705FC72A6B5,6C33F59A675B8E2C72641D2F950D2C,Victoria
2017-08-01 10:36:35,E9E31EA88362D4CC01B8DCA27D91E5,6C33F59A675B8E2C72641D2F950D2C,Victoria
2017-08-01 10:36:35,391A4416FC0ADE8FD604B2F1A9BCCE,6C33F59A675B8E2C72641D2F950D2C,Victoria
2017-08-01 10:36:51,540A69B53A8A4DBDEE8070A70A6CCD,C6D51595DCF32B165905B414A26724,Domingo
2017-08-01 10:37:35,1A59E724A771A526F9D8002231135B,846301ECF8AD9BFF214BA50BD68C0A,Melisa
2017-08-01 10:38:48,DDBA7653545B1BB68658838A22BAA5,B8FED5032DC839CE93FE4D701F5A76,Esperanza
2017-08-01 10:39:32,7CCA30E9387BAEBAFBE6F0C49326ED,B7B3823C2C609BD43FF57163B60682,Ηγήσιππος
2017-08-01 10:39:36,BAD89C0E7730E7E055101B7111CEDB,8DC760BE3CD40A686A698A8BA67604,Farooq
2017-08-01 10:39:49,316678BFA3E853C474286AA655D7FA,DACE6D3C78D9B20B1F70A271BA98D5,Julie
2017-08-01 10:40:45,4E6296831B1C923435A3B21FDAC668,5E1325EC55900543B3701260CB30BB,Anežka
2017-08-01 10:42:06,E9AA96BFF9BCDBBCD9F6C06E30B2E6,A7AADC9C02BF57F54B56E004E5CAF8,Lilly
2017-08-01 10:42:14,316678BFA3E853C474286AA655D7FA,DACE6D3C78D9B20B1F70A271BA98D5,Julie
2017-08-01 10:42:42,9AA29D2DA309DB9D389A940DA27127,5D5A5F223C24C41E30192F6F5AE838,Bali
2017-08-01 10:44:20,DDBA7653545B1BB68658838A22BAA5,023BD9645E201A195B9D2129B52C9E,Roxelana
2017-08-01 10:44:41,151ABDACB24570940C44B9C2471FD0,89DEE200F6953533F02122C4B6AEA3,藤田
2017-08-01 10:45:35,70A6FF9D93053705849B6E0994EF35,0F1DF33FCACBF4F12FDF12D389BD7A,منصور
2017-08-01 10:46:09,03F7681288DDF0781464996E387C82,1BF36BE97D0C2BD4D00334B8326104,ابراهيم
2017-08-01 10:46:09,469A5ECA71270D60E9BABAFAFCE998,1BF36BE97D0C2BD4D00334B8326104,ابراهيم
2017-08-01 10:46:32,F93A43ACA38B37C1B89954823CB3E3,78AEFBD359ED54E4C9AC5C37AA3AF9,Lilly
2017-08-01 10:46:32,E8431D8CCE316A551AF415495C2B6A,78AEFBD359ED54E4C9AC5C37AA3AF9,Lilly
2017-08-01 10:49:48,E7242BDC39434C5EE77509C3B98809,9B9FE0A1DD63FE59535DFF90CAA4A1,소
2017-08-01 10:49:55,E8431D8CCE316A551AF415495C2B6A,723CD8E55B314B1ABAB7E51B55BC24,Iuliu
2017-08-01 10:50:18,A2B428510BE517305670F1FFB600DC,0DBF72794BB9F332A3CCB5FEC411AB,Simona
2017-08-01 10:50:37,0EA530CF388C991ED2DD2962474204,977FA4DD5ECB8BF94381FDE1CCA569,Ismael
2017-08-01 10:51:15,635A16F8D463E94C27129346384F16,66AAE6F748911425550C391413B5A5,Mélanie
2017-08-01 10:51:46,520EA69D3794B463EC553B79FDF850,EA5D87CBC42553B4BB040E775E9E0B,朱
2017-08-01 10:51:46,E9E31EA88362D4CC01B8DCA27D91E5,EA5D87CBC42553B4BB040E775E9E0B,朱
2017-08-01 10:51:46,4DC8E67EDCD66FE6C1FFCB0B9EE2D5,EA5D87CBC42553B4BB040E775E9E0B,朱
2017-08-01 10:51:46,C5F6178AF37CD86DF3B9D8CD811BAB,EA5D87CBC42553B4BB040E775E9E0B,朱
2017-08-01 10:51:46,DDBA7653545B1BB68658838A22BAA5,EA5D87CBC42553B4BB040E775E9E0B,朱
2017-08-01 10:51:46,6D505C872BE942BBF7EE89231BE7FC,EA5D87CBC42553B4BB040E775E9E0B,朱
2017-08-01 10:51:46,C46065CD045E2F2FA93B60793E28DD,EA5D87CBC42553B4BB040E775E9E0B,朱
2017-08-01 10:51:49,963DD74D8843926FBD5E5C35131974,2EC0ADD2F5D3905B474D8AA62E536A,Галина
2017-08-01 10:52:14,68F937C6D2C2B5B67A57687B7BDAD0,7EE4B77D9547F074B9E4B54E09691A,Buse
2017-08-01 10:52:14,3AE85ABA9F8C492EB4F6DFB2FEF954,7EE4B77D9547F074B9E4B54E09691A,Buse
2017-08-01 10:52:14,070A59564ADC35807D8AE60418334A,7EE4B77D9547F074B9E4B54E09691A,Buse
2017-08-01 10:52:34,3893E08776BA4E1FB6349592E3BBF3,AF7795032770B45318E57ADA71C583,Belo
2017-08-01 10:52:34,DF6A386FE701217C2A12292DB8D142,AF7795032770B45318E57ADA71C583,Belo
2017-08-01 10:52:34,261954021BF8BCB5A4E442CA274E15,AF7795032770B45318E57ADA71C583,Belo
2017-08-01 10:52:34,4E5544D290F0A89FD2C1E417D185DF,AF7795032770B45318E57ADA71C583,Belo
2017-08-01 10:52:34,DDBA7653545B1BB68658838A22BAA5,AF7795032770B45318E57ADA71C583,Belo
2017-08-01 10:52:34,85B2B4B5BB8434598C24586C0604DB,AF7795032770B45318E57ADA71C583,Belo
2017-08-01 10:52:34,19FF479FFA98D92F72FCC90741EFE8,AF7795032770B45318E57ADA71C583,Belo
2017-08-01 10:52:34,936A638A733424D425CA3A747B955D,AF7795032770B45318E57ADA71C583,Belo
2017-08-01 10:52:34,5C18D57B340F6A0025263EA8AD401A,AF7795032770B45318E57ADA71C583,Belo
2017-08-01 10:52:34,A8E31267715EFE5CAED53A60F79561,AF7795032770B45318E57ADA71C583,Belo
2017-08-01 10:52:34,9BFB22C4F86EAF7D413A799BC17A04,AF7795032770B45318E57ADA71C583,Belo
2017-08-01 10:52:34,E73411B5D870E1D9DEE70DE910A67E,AF7795032770B45318E57ADA71C583,Belo
2017-08-01 10:52:34,57B71DF65D4EC34A8A017EA61087B5,AF7795032770B45318E57ADA71C583,Belo
2017-08-01 10:52:34,F9584A5DB128BADF6DF5D5617966CB,AF7795032770B45318E57ADA71C583,Belo
2017-08-01 10:54:03,9F0332E63609AB1511224BCB1A3D27,CF1C66D1EB55813C93B6FD992A3399,Brăduț
2017-08-01 10:54:03,9CE1C3C4E902ED81EC40BF56E64478,0A6F8E6AA3F949593B6F3D22D12074,Žigmund
2017-08-01 10:54:33,824FFCDB911F42200800BEF4AA5D40,6FFA3F7AF04A76A0C76F85D264D836,Δάμασος
2017-08-01 10:54:33,4D7F48828678D9F693609C3415CAEA,6FFA3F7AF04A76A0C76F85D264D836,Δάμασος
2017-08-01 10:55:31,67CB952C59AF26CC1ED944BCA2E57E,ED1F820903955F565EB8096118BDE4,Βιθυνός
2017-08-01 10:55:31,F62712701E7AF6588B69A44235A6FC,ED1F820903955F565EB8096118BDE4,Βιθυνός
2017-08-01 10:55:31,98C940A7D08E276294CD757F8E77E0,ED1F820903955F565EB8096118BDE4,Βιθυνός
2017-08-01 10:55:31,BBC9942106D4E5F987CE8E8384704E,ED1F820903955F565EB8096118BDE4,Βιθυνός
2017-08-01 10:55:31,E73411B5D870E1D9DEE70DE910A67E,ED1F820903955F565EB8096118BDE4,Βιθυνός
2017-08-01 10:59:33,FF68A7C7F681918849A8A8E5171E38,E47D1C5E9807F28BD3FB5C69739916,Jennifer
2017-08-01 11:00:06,2258D7291AB4E2903709126A868D0A,A1DDABECCD5DC080A5DE1858CB573B,郝
2017-08-01 11:00:53,E9E31EA88362D4CC01B8DCA27D91E5,F85C74022A9A8D39282C701A31F343,Пламен
2017-08-01 11:00:53,DDBA7653545B1BB68658838A22BAA5,F85C74022A9A8D39282C701A31F343,Пламен
2017-08-01 11:02:13,54C6A1C3048CDED63E318889F0ECF4,E33DDC3991BE481E7332D0E9818D5D,Veronika
2017-08-01 11:02:50,AC02DC9CF3D1CF5E22445E017F623C,FBA55E1A89B869B1B7B8FC01801ED7,Nicuță
2017-08-01 11:03:37,DDBA7653545B1BB68658838A22BAA5,053F1A3B8F63D28CB93FA42EC1AA5B,Bruce
2017-08-01 11:04:06,520EA69D3794B463EC553B79FDF850,D4F299D5FFB3B7FBAC4026455F9378,Bucur
2017-08-01 11:04:14,349F293BA3435B7BC6AD35BF8396C6,CB13D0F9D75DCEA2BE3F1E4320A2D5,Simona
2017-08-01 11:06:13,FDE14464385CE1A2A74596FBD8F631,B652EB2386AC439B2FB040B5F95B75,Zagyva
2017-08-01 11:06:35,DDBA7653545B1BB68658838A22BAA5,417A1D9C21F4138835F1FBF07ADF7B,İlqar
2017-08-01 11:07:35,550C51E77F9B43D3CE0CE450BB54AE,E406B9DE29C751405E6957345F6218,Esperanza
2017-08-01 11:07:37,8C2FBCA2D5BC504C1D5F24151BFFFD,A0C62B6008D3AE5351275BEA73C966,Ludvig
2017-08-01 11:08:00,42ED0F81AF6272E4038EB66BCB7E93,57C0DCAAB4D79C6E314F96B706702D,Mina
2017-08-01 11:08:27,6A9643009CEC11339C1EBA80DB9497,57E99EB628B2FAFD70CF005E7664ED,Zsigmond
2017-08-01 11:08:27,C74424226081FFC01C21A77A4F4F4C,011C66498EAA6B859E24911019A006,Stef
2017-08-01 11:09:40,AB6AAE022FCE825C1EBAD06796F309,0C80A08D8F3BA573823F92A9E3C23A,Raúl
2017-08-01 11:09:42,F515BA9C253BE32C30C6BF89984567,AE488D3C8F019704450E89A20FE63B,Δάμασος
